,fixed acidity,volatile acidity,citric acid,chlorides,total sulfur dioxide,density,sulphates,quality
0,7.4,0.7,0.0,0.076,34.0,0.9978,0.56,low
1,7.8,0.88,0.0,0.098,67.0,0.9968,0.68,low
2,7.8,0.76,0.04,0.092,54.0,0.997,0.65,low
3,11.2,0.28,0.56,0.075,60.0,0.998,0.58,low
4,7.4,0.7,0.0,0.076,34.0,0.9978,0.56,low
5,7.4,0.66,0.0,0.075,40.0,0.9978,0.56,low
6,7.9,0.6,0.06,0.069,59.0,0.9964,0.46,low
7,7.3,0.65,0.0,0.065,21.0,0.9946,0.47,high
8,7.8,0.58,0.02,0.073,18.0,0.9968,0.57,high
9,7.5,0.5,0.36,0.071,102.0,0.9978,0.8,low
10,6.7,0.58,0.08,0.097,65.0,0.9959,0.54,low
11,7.5,0.5,0.36,0.071,102.0,0.9978,0.8,low
12,5.6,0.615,0.0,0.08900000000000001,59.0,0.9943,0.52,low
13,7.8,0.61,0.29,0.114,29.0,0.9974,1.56,low
14,8.9,0.62,0.18,0.17600000000000002,145.0,0.9986,0.88,low
15,8.9,0.62,0.19,0.17,148.0,0.9986,0.93,low
16,8.5,0.28,0.56,0.092,103.0,0.9969,0.75,high
17,8.1,0.56,0.28,0.368,56.0,0.9968,1.28,low
18,7.4,0.59,0.08,0.086,29.0,0.9974,0.5,low
19,7.9,0.32,0.51,0.341,56.0,0.9969,1.08,low
20,8.9,0.22,0.48,0.077,60.0,0.9968,0.53,low
21,7.6,0.39,0.31,0.08199999999999999,71.0,0.9982,0.65,low
22,7.9,0.43,0.21,0.106,37.0,0.9966,0.91,low
23,8.5,0.49,0.11,0.084,67.0,0.9968,0.53,low
24,6.9,0.4,0.14,0.085,40.0,0.9968,0.63,low
25,6.3,0.39,0.16,0.08,23.0,0.9955,0.56,low
26,7.6,0.41,0.24,0.08,11.0,0.9962,0.59,low
27,7.9,0.43,0.21,0.106,37.0,0.9966,0.91,low
28,7.1,0.71,0.0,0.08,35.0,0.9972,0.55,low
29,7.8,0.645,0.0,0.08199999999999999,16.0,0.9964,0.59,low
30,6.7,0.675,0.07,0.08900000000000001,82.0,0.9958,0.54,low
31,6.9,0.685,0.0,0.105,37.0,0.9966,0.57,low
32,8.3,0.655,0.12,0.083,113.0,0.9966,0.66,low
33,6.9,0.605,0.12,0.073,83.0,0.9993,0.52,low
34,5.2,0.32,0.25,0.103,50.0,0.9957,0.55,low
35,7.8,0.645,0.0,0.086,18.0,0.9986,0.55,low
36,7.8,0.6,0.14,0.086,15.0,0.9975,0.6,low
37,8.1,0.38,0.28,0.066,30.0,0.9968,0.73,high
38,5.7,1.13,0.09,0.172,19.0,0.994,0.48,low
39,7.3,0.45,0.36,0.07400000000000001,87.0,0.9978,0.83,low
40,7.3,0.45,0.36,0.07400000000000001,87.0,0.9978,0.83,low
41,8.8,0.61,0.3,0.08800000000000001,46.0,0.9976,0.51,low
42,7.5,0.49,0.2,0.332,14.0,0.9968,0.9,low
43,8.1,0.66,0.22,0.069,23.0,0.9968,1.2,low
44,6.8,0.67,0.02,0.05,11.0,0.9962,0.52,low
45,4.6,0.52,0.15,0.054000000000000006,65.0,0.9934,0.56,low
46,7.7,0.935,0.43,0.114,114.0,0.997,0.73,low
47,8.7,0.29,0.52,0.113,37.0,0.9969,0.58,low
48,6.4,0.4,0.23,0.066,12.0,0.9958,0.56,low
49,5.6,0.31,0.37,0.07400000000000001,96.0,0.9954,0.58,low
50,8.8,0.66,0.26,0.07400000000000001,23.0,0.9971,0.74,low
51,6.6,0.52,0.04,0.069,15.0,0.9956,0.63,low
52,6.6,0.5,0.04,0.068,14.0,0.9955,0.64,low
53,8.6,0.38,0.36,0.081,119.0,0.997,0.56,low
54,7.6,0.51,0.15,0.11,73.0,0.9955,0.63,low
55,7.7,0.62,0.04,0.084,45.0,0.9978,0.53,low
56,10.2,0.42,0.57,0.07,10.0,0.9971,0.63,low
57,7.5,0.63,0.12,0.111,110.0,0.9983,0.77,low
58,7.8,0.59,0.18,0.076,54.0,0.9975,0.59,low
59,7.3,0.39,0.31,0.07400000000000001,46.0,0.9962,0.54,low
60,8.8,0.4,0.4,0.079,52.0,0.998,0.64,low
61,7.7,0.69,0.49,0.115,112.0,0.9968,0.71,low
62,7.5,0.52,0.16,0.085,35.0,0.9968,0.62,high
63,7.0,0.735,0.05,0.081,54.0,0.9966,0.57,low
64,7.2,0.725,0.05,0.086,11.0,0.9962,0.39,low
65,7.2,0.725,0.05,0.086,11.0,0.9962,0.39,low
66,7.5,0.52,0.11,0.079,39.0,0.9968,0.58,low
67,6.6,0.705,0.07,0.076,15.0,0.9962,0.58,low
68,9.3,0.32,0.57,0.07400000000000001,65.0,0.9969,0.79,low
69,8.0,0.705,0.05,0.07400000000000001,19.0,0.9962,0.95,low
70,7.7,0.63,0.08,0.076,27.0,0.9967,0.54,low
71,7.7,0.67,0.23,0.08800000000000001,96.0,0.9962,0.48,low
72,7.7,0.69,0.22,0.084,94.0,0.9961,0.48,low
73,8.3,0.675,0.26,0.084,43.0,0.9976,0.53,low
74,9.7,0.32,0.54,0.094,83.0,0.9984,0.82,low
75,8.8,0.41,0.64,0.093,42.0,0.9986,0.66,low
76,8.8,0.41,0.64,0.093,42.0,0.9986,0.66,low
77,6.8,0.785,0.0,0.104,30.0,0.9966,0.55,low
78,6.7,0.75,0.12,0.086,80.0,0.9958,0.52,low
79,8.3,0.625,0.2,0.08,119.0,0.9972,1.12,low
80,6.2,0.45,0.2,0.069,15.0,0.9958,0.56,low
81,7.8,0.43,0.7,0.464,67.0,0.9974,1.28,low
82,7.4,0.5,0.47,0.086,73.0,0.997,0.57,low
83,7.3,0.67,0.26,0.401,51.0,0.9969,1.14,low
84,6.3,0.3,0.48,0.069,61.0,0.9959,0.78,low
85,6.9,0.55,0.15,0.076,40.0,0.9961,0.59,low
86,8.6,0.49,0.28,0.11,136.0,0.9972,1.95,low
87,7.7,0.49,0.26,0.062,31.0,0.9966,0.64,low
88,9.3,0.39,0.44,0.107,125.0,0.9978,1.22,low
89,7.0,0.62,0.08,0.076,24.0,0.9978,0.53,low
90,7.9,0.52,0.26,0.079,140.0,0.9964,0.54,low
91,8.6,0.49,0.28,0.11,136.0,0.9972,1.95,low
92,8.6,0.49,0.29,0.11,133.0,0.9972,1.98,low
93,7.7,0.49,0.26,0.062,31.0,0.9966,0.64,low
94,5.0,1.02,0.04,0.045,85.0,0.9938,0.48,low
95,4.7,0.6,0.17,0.058,106.0,0.9932,0.6,low
96,6.8,0.775,0.0,0.102,23.0,0.9965,0.56,low
97,7.0,0.5,0.25,0.07,22.0,0.9963,0.63,low
98,7.6,0.9,0.06,0.079,10.0,0.9967,0.56,low
99,8.1,0.545,0.18,0.08,35.0,0.9972,0.59,low
100,8.3,0.61,0.3,0.084,50.0,0.9972,0.61,low
101,7.8,0.5,0.3,0.075,22.0,0.9959,0.56,low
102,8.1,0.545,0.18,0.08,35.0,0.9972,0.59,low
103,8.1,0.575,0.22,0.077,65.0,0.9967,0.51,low
104,7.2,0.49,0.24,0.07,36.0,0.996,0.48,low
105,8.1,0.575,0.22,0.077,65.0,0.9967,0.51,low
106,7.8,0.41,0.68,0.467,69.0,0.9973,1.31,low
107,6.2,0.63,0.31,0.08800000000000001,64.0,0.9969,0.79,low
108,8.0,0.33,0.53,0.091,80.0,0.9976,0.8,low
109,8.1,0.785,0.52,0.122,153.0,0.9969,0.69,low
110,7.8,0.56,0.19,0.104,47.0,0.9964,0.93,low
111,8.4,0.62,0.09,0.084,108.0,0.9964,0.66,low
112,8.4,0.6,0.1,0.085,111.0,0.9964,0.66,low
113,10.1,0.31,0.44,0.08,46.0,0.9988,0.67,low
114,7.8,0.56,0.19,0.104,47.0,0.9964,0.93,low
115,9.4,0.4,0.31,0.09,62.0,0.9966,0.63,low
116,8.3,0.54,0.28,0.077,40.0,0.9978,0.61,low
117,7.8,0.56,0.12,0.08199999999999999,28.0,0.997,0.5,low
118,8.8,0.55,0.04,0.119,56.0,0.9962,0.6,low
119,7.0,0.69,0.08,0.097,89.0,0.9959,0.54,low
120,7.3,1.07,0.09,0.17800000000000002,89.0,0.9962,0.57,low
121,8.8,0.55,0.04,0.119,56.0,0.9962,0.6,low
122,7.3,0.695,0.0,0.075,13.0,0.998,0.52,low
123,8.0,0.71,0.0,0.08,34.0,0.9976,0.53,low
124,7.8,0.5,0.17,0.08199999999999999,102.0,0.996,0.48,low
125,9.0,0.62,0.04,0.146,90.0,0.9984,0.7,low
126,8.2,1.33,0.0,0.081,12.0,0.9964,0.49,low
127,8.1,1.33,0.0,0.08199999999999999,12.0,0.9964,0.48,low
128,8.0,0.59,0.16,0.065,16.0,0.9962,0.92,high
129,6.1,0.38,0.15,0.07200000000000001,19.0,0.9955,0.57,low
130,8.0,0.745,0.56,0.118,134.0,0.9968,0.66,low
131,5.6,0.5,0.09,0.049,99.0,0.9937,0.63,low
132,5.6,0.5,0.09,0.049,99.0,0.9937,0.63,low
133,6.6,0.5,0.01,0.06,26.0,0.9952,0.58,low
134,7.9,1.04,0.05,0.084,29.0,0.9959,0.55,low
135,8.4,0.745,0.11,0.09,63.0,0.9965,0.82,low
136,8.3,0.715,0.15,0.08900000000000001,52.0,0.9968,0.77,low
137,7.2,0.415,0.36,0.081,45.0,0.9972,0.64,low
138,7.8,0.56,0.19,0.081,105.0,0.9962,0.54,low
139,7.8,0.56,0.19,0.081,108.0,0.9962,0.54,low
140,8.4,0.745,0.11,0.09,63.0,0.9965,0.82,low
141,8.3,0.715,0.15,0.08900000000000001,52.0,0.9968,0.77,low
142,5.2,0.34,0.0,0.05,63.0,0.9916,0.79,low
143,6.3,0.39,0.08,0.066,20.0,0.9954,0.58,low
144,5.2,0.34,0.0,0.05,63.0,0.9916,0.79,low
145,8.1,0.67,0.55,0.117,141.0,0.9968,0.62,low
146,5.8,0.68,0.02,0.087,94.0,0.9944,0.52,low
147,7.6,0.49,0.26,0.236,88.0,0.9968,0.8,low
148,6.9,0.49,0.1,0.07400000000000001,30.0,0.9959,0.58,low
149,8.2,0.4,0.44,0.08900000000000001,43.0,0.9975,0.61,low
150,7.3,0.33,0.47,0.077,11.0,0.9958,0.53,low
151,9.2,0.52,1.0,0.61,69.0,0.9996,2.0,low
152,7.5,0.6,0.03,0.095,99.0,0.995,0.54,low
153,7.5,0.6,0.03,0.095,99.0,0.995,0.54,low
154,7.1,0.43,0.42,0.07,129.0,0.9973,0.72,low
155,7.1,0.43,0.42,0.071,128.0,0.9973,0.71,low
156,7.1,0.43,0.42,0.07,129.0,0.9973,0.72,low
157,7.1,0.43,0.42,0.071,128.0,0.9973,0.71,low
158,7.1,0.68,0.0,0.073,22.0,0.9969,0.5,low
159,6.8,0.6,0.18,0.079,86.0,0.9968,0.57,low
160,7.6,0.95,0.03,0.09,20.0,0.9959,0.56,low
161,7.6,0.68,0.02,0.07200000000000001,20.0,0.9965,1.08,low
162,7.8,0.53,0.04,0.076,31.0,0.9964,0.56,low
163,7.4,0.6,0.26,0.07,121.0,0.9982,0.49,low
164,7.3,0.59,0.26,0.07,121.0,0.9981,0.49,low
165,7.8,0.63,0.48,0.1,96.0,0.9961,0.62,low
166,6.8,0.64,0.1,0.085,101.0,0.9956,0.52,low
167,7.3,0.55,0.03,0.07200000000000001,42.0,0.9956,0.48,low
168,6.8,0.63,0.07,0.08900000000000001,44.0,0.9953,0.55,low
169,7.5,0.705,0.24,0.36,63.0,0.9964,1.59,low
170,7.9,0.885,0.03,0.058,8.0,0.9972,0.33,low
171,8.0,0.42,0.17,0.073,18.0,0.9972,0.61,low
172,8.0,0.42,0.17,0.073,18.0,0.9972,0.61,low
173,7.4,0.62,0.05,0.068,42.0,0.9961,0.57,low
174,7.3,0.38,0.21,0.08,35.0,0.9961,0.47,low
175,6.9,0.5,0.04,0.085,49.0,0.9958,0.78,low
176,7.3,0.38,0.21,0.08,35.0,0.9961,0.47,low
177,7.5,0.52,0.42,0.087,38.0,0.9972,0.61,low
178,7.0,0.805,0.0,0.068,20.0,0.9969,0.56,low
179,8.8,0.61,0.14,0.067,42.0,0.9969,0.59,low
180,8.8,0.61,0.14,0.067,42.0,0.9969,0.59,low
181,8.9,0.61,0.49,0.27,110.0,0.9972,1.02,low
182,7.2,0.73,0.02,0.076,42.0,0.9972,0.52,low
183,6.8,0.61,0.2,0.077,65.0,0.9971,0.58,low
184,6.7,0.62,0.21,0.079,62.0,0.997,0.58,low
185,8.9,0.31,0.57,0.111,85.0,0.9971,0.53,low
186,7.4,0.39,0.48,0.08199999999999999,67.0,0.9972,0.55,low
187,7.7,0.705,0.1,0.084,26.0,0.9976,0.49,low
188,7.9,0.5,0.33,0.084,143.0,0.9968,0.55,low
189,7.9,0.49,0.32,0.08199999999999999,144.0,0.9968,0.55,low
190,8.2,0.5,0.35,0.077,127.0,0.9976,0.62,low
191,6.4,0.37,0.25,0.07400000000000001,49.0,0.9974,0.62,low
192,6.8,0.63,0.12,0.099,126.0,0.9969,0.61,low
193,7.6,0.55,0.21,0.071,28.0,0.9964,0.55,low
194,7.6,0.55,0.21,0.071,28.0,0.9964,0.55,low
195,7.8,0.59,0.33,0.07400000000000001,120.0,0.9968,0.54,low
196,7.3,0.58,0.3,0.07400000000000001,55.0,0.9968,0.59,low
197,11.5,0.3,0.6,0.067,27.0,0.9981,0.97,low
198,5.4,0.835,0.08,0.046,93.0,0.9924,0.85,high
199,6.9,1.09,0.06,0.061,31.0,0.9948,0.43,low
200,9.6,0.32,0.47,0.056,24.0,0.99695,0.82,high
201,8.8,0.37,0.48,0.097,145.0,0.9975,1.03,low
202,6.8,0.5,0.11,0.075,49.0,0.99545,0.79,low
203,7.0,0.42,0.35,0.08800000000000001,39.0,0.9961,0.55,low
204,7.0,0.43,0.36,0.08900000000000001,37.0,0.99615,0.56,low
205,12.8,0.3,0.74,0.095,28.0,0.9994,0.77,high
206,12.8,0.3,0.74,0.095,28.0,0.9994,0.77,high
207,7.8,0.57,0.31,0.069,120.0,0.99625,0.53,low
208,7.8,0.44,0.28,0.1,95.0,0.9966,0.67,low
209,11.0,0.3,0.58,0.054000000000000006,19.0,0.998,0.88,high
210,9.7,0.53,0.6,0.039,19.0,0.99585,0.86,low
211,8.0,0.725,0.24,0.083,62.0,0.99685,0.56,low
212,11.6,0.44,0.64,0.059,15.0,0.998,0.67,low
213,8.2,0.57,0.26,0.06,65.0,0.9959,0.43,low
214,7.8,0.735,0.08,0.092,41.0,0.9974,0.71,low
215,7.0,0.49,0.49,0.06,121.0,0.9974,0.76,low
216,8.7,0.625,0.16,0.101,49.0,0.9962,0.57,low
217,8.1,0.725,0.22,0.07200000000000001,41.0,0.9967,0.55,low
218,7.5,0.49,0.19,0.076,44.0,0.9957,0.54,low
219,7.8,0.53,0.33,0.08,144.0,0.99655,0.6,low
220,7.8,0.34,0.37,0.08199999999999999,58.0,0.9964,0.59,low
221,7.4,0.53,0.26,0.101,72.0,0.9957,0.57,low
222,6.8,0.61,0.04,0.057,10.0,0.99525,0.6,low
223,8.6,0.645,0.25,0.083,28.0,0.99815,0.6,low
224,8.4,0.635,0.36,0.08900000000000001,55.0,0.99745,0.57,low
225,7.7,0.43,0.25,0.073,63.0,0.99615,0.58,low
226,8.9,0.59,0.5,0.337,81.0,0.9964,1.61,low
227,9.0,0.82,0.14,0.08900000000000001,23.0,0.9984,0.63,low
228,7.7,0.43,0.25,0.073,63.0,0.99615,0.58,low
229,6.9,0.52,0.25,0.081,37.0,0.99685,0.5,low
230,5.2,0.48,0.04,0.054000000000000006,106.0,0.9927,0.62,high
231,8.0,0.38,0.06,0.078,49.0,0.99625,0.52,low
232,8.5,0.37,0.2,0.09,58.0,0.998,0.7,low
233,6.9,0.52,0.25,0.081,37.0,0.99685,0.5,low
234,8.2,1.0,0.09,0.065,37.0,0.99685,0.55,low
235,7.2,0.63,0.0,0.097,38.0,0.99675,0.58,low
236,7.2,0.63,0.0,0.097,38.0,0.99675,0.58,low
237,7.2,0.645,0.0,0.097,39.0,0.99675,0.58,low
238,7.2,0.63,0.0,0.097,38.0,0.99675,0.58,low
239,8.2,1.0,0.09,0.065,37.0,0.99685,0.55,low
240,8.9,0.635,0.37,0.263,62.0,0.9971,1.09,low
241,12.0,0.38,0.56,0.093,24.0,0.99925,0.71,low
242,7.7,0.58,0.1,0.102,109.0,0.99565,0.49,low
243,15.0,0.21,0.44,0.075,24.0,1.00005,0.84,high
244,15.0,0.21,0.44,0.075,24.0,1.00005,0.84,high
245,7.3,0.66,0.0,0.084,23.0,0.9983,0.96,low
246,7.1,0.68,0.07,0.075,51.0,0.99685,0.52,low
247,8.2,0.6,0.17,0.07200000000000001,73.0,0.9963,0.45,low
248,7.7,0.53,0.06,0.07400000000000001,39.0,0.99615,0.48,low
249,7.3,0.66,0.0,0.084,23.0,0.9983,0.96,low
250,10.8,0.32,0.44,0.063,37.0,0.9985,0.78,low
251,7.1,0.6,0.0,0.07400000000000001,34.0,0.9972,0.7,low
252,11.1,0.35,0.48,0.09,21.0,0.9986,0.53,low
253,7.7,0.775,0.42,0.092,86.0,0.9959,0.59,low
254,7.1,0.6,0.0,0.07400000000000001,34.0,0.9972,0.7,low
255,8.0,0.57,0.23,0.073,119.0,0.99675,0.57,low
256,9.4,0.34,0.37,0.075,13.0,0.998,0.62,low
257,6.6,0.695,0.0,0.075,56.0,0.9968,0.67,low
258,7.7,0.41,0.76,0.611,45.0,0.9968,1.26,low
259,10.0,0.31,0.47,0.085,33.0,0.99965,0.8,high
260,7.9,0.33,0.23,0.077,45.0,0.99625,0.65,low
261,7.0,0.975,0.04,0.087,67.0,0.99565,0.6,low
262,8.0,0.52,0.03,0.07,35.0,0.99575,0.57,low
263,7.9,0.37,0.23,0.077,49.0,0.9963,0.67,low
264,12.5,0.56,0.49,0.064,27.0,0.9999,0.87,low
265,11.8,0.26,0.52,0.071,10.0,0.9968,0.72,high
266,8.1,0.87,0.0,0.096,61.0,1.00025,0.72,low
267,7.9,0.35,0.46,0.078,37.0,0.9973,0.86,high
268,6.9,0.54,0.04,0.077,27.0,0.9987,0.91,low
269,11.5,0.18,0.51,0.104,23.0,0.9996,0.97,low
270,7.9,0.545,0.06,0.087,61.0,0.9965,0.67,low
271,11.5,0.18,0.51,0.104,23.0,0.9996,0.97,low
272,10.9,0.37,0.58,0.071,65.0,0.99935,0.78,low
273,8.4,0.715,0.2,0.076,38.0,0.99735,0.64,low
274,7.5,0.65,0.18,0.08800000000000001,94.0,0.99915,0.77,low
275,7.9,0.545,0.06,0.087,61.0,0.9965,0.67,low
276,6.9,0.54,0.04,0.077,27.0,0.9987,0.91,low
277,11.5,0.18,0.51,0.104,23.0,0.9996,0.97,low
278,10.3,0.32,0.45,0.073,13.0,0.9976,0.82,high
279,8.9,0.4,0.32,0.087,47.0,0.9991,0.77,high
280,11.4,0.26,0.44,0.071,19.0,0.9986,0.82,low
281,7.7,0.27,0.68,0.358,10.0,0.9972,1.08,high
282,7.6,0.52,0.12,0.067,53.0,0.9971,0.57,low
283,8.9,0.4,0.32,0.087,47.0,0.9991,0.77,high
284,9.9,0.59,0.07,0.102,71.0,1.00015,0.71,low
285,9.9,0.59,0.07,0.102,71.0,1.00015,0.71,low
286,12.0,0.45,0.55,0.073,49.0,0.9997,0.76,low
287,7.5,0.4,0.12,0.092,53.0,0.9967,0.7,low
288,8.7,0.52,0.09,0.091,49.0,0.9976,0.86,high
289,11.6,0.42,0.53,0.105,98.0,1.001,0.95,low
290,8.7,0.52,0.09,0.091,49.0,0.9976,0.86,high
291,11.0,0.2,0.48,0.343,18.0,0.9979,0.71,low
292,10.4,0.55,0.23,0.091,48.0,0.9994,0.64,low
293,6.9,0.36,0.25,0.098,16.0,0.9964,0.6,low
294,13.3,0.34,0.52,0.094,53.0,1.0014,0.81,low
295,10.8,0.5,0.46,0.073,27.0,1.0001,0.64,low
296,10.6,0.83,0.37,0.086,70.0,0.9981,0.52,low
297,7.1,0.63,0.06,0.083,29.0,0.99855,0.73,low
298,7.2,0.65,0.02,0.094,31.0,0.9993,0.8,low
299,6.9,0.67,0.06,0.08,33.0,0.99845,0.71,low
300,7.5,0.53,0.06,0.086,44.0,0.9965,0.59,low
301,11.1,0.18,0.48,0.068,15.0,0.9973,0.64,low
302,8.3,0.705,0.12,0.092,28.0,0.9994,0.72,low
303,7.4,0.67,0.12,0.18600000000000005,21.0,0.996,0.54,low
304,8.4,0.65,0.6,0.112,90.0,0.9973,0.52,low
305,10.3,0.53,0.48,0.063,25.0,0.9998,0.59,low
306,7.6,0.62,0.32,0.08199999999999999,54.0,0.9966,0.52,low
307,10.3,0.41,0.42,0.213,14.0,0.9994,0.62,low
308,10.3,0.43,0.44,0.214,12.0,0.9994,0.63,low
309,7.4,0.29,0.38,0.062,30.0,0.9968,0.53,low
310,10.3,0.53,0.48,0.063,25.0,0.9998,0.59,low
311,7.9,0.53,0.24,0.07200000000000001,105.0,0.996,0.54,low
312,9.0,0.46,0.31,0.093,98.0,0.99815,0.63,low
313,8.6,0.47,0.3,0.076,135.0,0.9976,0.53,low
314,7.4,0.36,0.29,0.087,72.0,0.99645,0.68,low
315,7.1,0.35,0.29,0.096,53.0,0.9962,0.65,low
316,9.6,0.56,0.23,0.102,92.0,0.9996,0.65,low
317,9.6,0.77,0.12,0.08199999999999999,74.0,0.99865,0.64,low
318,9.8,0.66,0.39,0.083,59.0,0.9989,0.71,high
319,9.6,0.77,0.12,0.08199999999999999,74.0,0.99865,0.64,low
320,9.8,0.66,0.39,0.083,59.0,0.9989,0.71,high
321,9.3,0.61,0.26,0.09,87.0,0.99975,0.62,low
322,7.8,0.62,0.05,0.079,18.0,0.99735,0.63,low
323,10.3,0.59,0.42,0.09,73.0,0.999,0.7,low
324,10.0,0.49,0.2,0.071,50.0,1.0015,0.69,low
325,10.0,0.49,0.2,0.071,50.0,1.0015,0.69,low
326,11.6,0.53,0.66,0.121,14.0,0.9978,0.74,high
327,10.3,0.44,0.5,0.107,13.0,0.998,0.83,low
328,13.4,0.27,0.62,0.08199999999999999,21.0,1.0002,0.67,low
329,10.7,0.46,0.39,0.061,15.0,0.9981,0.62,low
330,10.2,0.36,0.64,0.122,41.0,0.998,0.66,low
331,10.2,0.36,0.64,0.122,41.0,0.998,0.66,low
332,8.0,0.58,0.28,0.066,114.0,0.9973,0.54,low
333,8.4,0.56,0.08,0.105,44.0,0.9958,0.52,low
334,7.9,0.65,0.01,0.078,38.0,0.9963,0.74,high
335,11.9,0.695,0.53,0.128,21.0,0.9992,0.84,high
336,8.9,0.43,0.45,0.052000000000000005,16.0,0.9948,0.7,low
337,7.8,0.43,0.32,0.08,58.0,0.9974,0.64,low
338,12.4,0.49,0.58,0.103,99.0,1.0008,1.0,low
339,12.5,0.28,0.54,0.08199999999999999,29.0,0.9997,1.36,high
340,12.2,0.34,0.5,0.066,21.0,1.0,1.18,low
341,10.6,0.42,0.48,0.065,18.0,0.9972,0.87,low
342,10.9,0.39,0.47,0.118,14.0,0.9982,0.75,low
343,10.9,0.39,0.47,0.118,14.0,0.9982,0.75,low
344,11.9,0.57,0.5,0.08199999999999999,32.0,1.0006,0.78,low
345,7.0,0.685,0.0,0.067,63.0,0.9979,0.81,low
346,6.6,0.815,0.02,0.07200000000000001,34.0,0.9955,0.89,high
347,13.8,0.49,0.67,0.093,15.0,0.9986,0.93,low
348,9.6,0.56,0.31,0.08900000000000001,46.0,0.9979,0.92,low
349,9.1,0.785,0.0,0.093,28.0,0.9994,0.86,low
350,10.7,0.67,0.22,0.107,34.0,1.0004,0.98,low
351,9.1,0.795,0.0,0.096,26.0,0.9994,0.83,low
352,7.7,0.665,0.0,0.09,19.0,0.9974,0.73,low
353,13.5,0.53,0.79,0.12,77.0,1.0018,0.77,low
354,6.1,0.21,0.4,0.066,165.0,0.9912,0.59,low
355,6.7,0.75,0.01,0.078,32.0,0.9955,0.61,low
356,11.5,0.41,0.52,0.08,55.0,1.0001,0.88,low
357,10.5,0.42,0.66,0.116,29.0,0.997,0.75,high
358,11.9,0.43,0.66,0.109,23.0,1.0,0.85,high
359,12.6,0.38,0.66,0.08800000000000001,41.0,1.001,0.68,low
360,8.2,0.7,0.23,0.099,81.0,0.9973,0.7,low
361,8.6,0.45,0.31,0.086,50.0,0.9982,0.91,low
362,11.9,0.58,0.66,0.07200000000000001,37.0,0.9992,0.56,low
363,12.5,0.46,0.63,0.071,15.0,0.9988,0.87,low
364,12.8,0.615,0.66,0.083,42.0,1.0022,0.73,high
365,10.0,0.42,0.5,0.107,21.0,0.9979,0.93,low
366,12.8,0.615,0.66,0.083,42.0,1.0022,0.73,high
367,10.4,0.575,0.61,0.076,24.0,1.0,0.69,low
368,10.3,0.34,0.52,0.159,75.0,0.9998,0.64,low
369,9.4,0.27,0.53,0.07400000000000001,18.0,0.9962,1.13,high
370,6.9,0.765,0.02,0.063,63.0,0.9975,0.78,low
371,7.9,0.24,0.4,0.056,25.0,0.9967,0.87,low
372,9.1,0.28,0.48,0.067,46.0,0.9967,1.04,low
373,7.4,0.55,0.22,0.106,72.0,0.9959,0.63,low
374,14.0,0.41,0.63,0.08900000000000001,47.0,1.0014,0.81,low
375,11.5,0.54,0.71,0.124,15.0,0.9984,0.83,high
376,11.5,0.45,0.5,0.078,47.0,1.0003,1.11,low
377,9.4,0.27,0.53,0.07400000000000001,18.0,0.9962,1.13,high
378,11.4,0.625,0.66,0.08800000000000001,24.0,0.9988,0.99,low
379,8.3,0.42,0.38,0.094,60.0,0.9979,0.7,low
380,8.3,0.26,0.42,0.08,27.0,0.9974,0.8,low
381,13.7,0.415,0.68,0.085,43.0,1.0014,0.8,low
382,8.3,0.26,0.42,0.08,27.0,0.9974,0.8,low
383,8.3,0.26,0.42,0.08,27.0,0.9974,0.8,low
384,7.7,0.51,0.28,0.087,54.0,0.998,0.74,low
385,7.4,0.63,0.07,0.09,37.0,0.9979,0.76,low
386,7.8,0.54,0.26,0.08800000000000001,48.0,0.9981,0.74,low
387,8.3,0.66,0.15,0.079,42.0,0.9972,0.54,low
388,7.8,0.46,0.26,0.08800000000000001,53.0,0.9981,0.74,low
389,9.6,0.38,0.31,0.096,49.0,0.9982,0.7,high
390,5.6,0.85,0.05,0.045,88.0,0.9924,0.82,high
391,13.7,0.415,0.68,0.085,43.0,1.0014,0.8,low
392,9.5,0.37,0.52,0.08199999999999999,26.0,0.998,0.51,low
393,8.4,0.665,0.61,0.112,95.0,0.997,0.54,low
394,12.7,0.6,0.65,0.063,25.0,0.9997,0.57,low
395,12.0,0.37,0.76,0.066,38.0,1.0004,0.6,high
396,6.6,0.735,0.02,0.122,124.0,0.9994,0.53,low
397,11.5,0.59,0.59,0.087,49.0,0.9988,0.65,low
398,11.5,0.59,0.59,0.087,49.0,0.9988,0.65,low
399,8.7,0.765,0.22,0.064,42.0,0.9963,0.55,low
400,6.6,0.735,0.02,0.122,124.0,0.9994,0.53,low
401,7.7,0.26,0.3,0.059,38.0,0.9949,0.47,low
402,12.2,0.48,0.54,0.085,64.0,1.0,0.61,low
403,11.4,0.6,0.49,0.085,41.0,0.9994,0.63,low
404,7.7,0.69,0.05,0.075,27.0,0.9974,0.61,low
405,8.7,0.31,0.46,0.059,25.0,0.9966,0.76,low
406,9.8,0.44,0.47,0.063,28.0,0.9981,0.65,low
407,12.0,0.39,0.66,0.093,30.0,0.9996,0.63,high
408,10.4,0.34,0.58,0.174,16.0,0.997,0.7,low
409,12.5,0.46,0.49,0.07,49.0,0.9981,0.57,low
410,9.0,0.43,0.34,0.08,86.0,0.9987,0.62,low
411,9.1,0.45,0.35,0.08,78.0,0.9987,0.62,low
412,7.1,0.735,0.16,0.1,77.0,0.9966,0.64,low
413,9.9,0.4,0.53,0.097,19.0,0.9986,0.82,high
414,8.8,0.52,0.34,0.087,122.0,0.9982,0.61,low
415,8.6,0.725,0.24,0.117,134.0,1.0014,1.07,low
416,10.6,0.48,0.64,0.111,20.0,0.997,0.66,low
417,7.0,0.58,0.12,0.091,124.0,0.9956,0.48,low
418,11.9,0.38,0.51,0.121,20.0,0.9996,0.76,low
419,6.8,0.77,0.0,0.066,52.0,0.9976,0.68,low
420,9.5,0.56,0.33,0.08900000000000001,67.0,0.9972,0.73,high
421,6.6,0.84,0.03,0.059,48.0,0.9952,0.56,high
422,7.7,0.96,0.2,0.047,60.0,0.9955,0.44,low
423,10.5,0.24,0.47,0.066,24.0,0.9978,0.9,high
424,7.7,0.96,0.2,0.047,60.0,0.9955,0.44,low
425,6.6,0.84,0.03,0.059,48.0,0.9952,0.56,high
426,6.4,0.67,0.08,0.045,48.0,0.9949,0.49,low
427,9.5,0.78,0.22,0.077,32.0,0.9988,0.56,low
428,9.1,0.52,0.33,0.07,30.0,0.9978,0.6,low
429,12.8,0.84,0.63,0.08800000000000001,35.0,0.9997,0.6,low
430,10.5,0.24,0.47,0.066,24.0,0.9978,0.9,high
431,7.8,0.55,0.35,0.07400000000000001,66.0,0.9974,0.56,low
432,11.9,0.37,0.69,0.078,24.0,0.9958,0.65,low
433,12.3,0.39,0.63,0.091,18.0,1.0004,0.49,low
434,10.4,0.41,0.55,0.076,54.0,0.9996,0.89,low
435,12.3,0.39,0.63,0.091,18.0,1.0004,0.49,low
436,8.0,0.67,0.3,0.06,62.0,0.9958,0.56,low
437,11.1,0.45,0.73,0.066,22.0,0.9986,0.66,low
438,10.4,0.41,0.55,0.076,54.0,0.9996,0.89,low
439,7.0,0.62,0.18,0.062,50.0,0.9951,0.6,low
440,12.6,0.31,0.72,0.07200000000000001,29.0,0.9987,0.82,high
441,11.9,0.4,0.65,0.068,27.0,0.9988,0.68,low
442,15.6,0.685,0.76,0.1,43.0,1.0032,0.68,high
443,10.0,0.44,0.49,0.077,19.0,0.9963,0.63,high
444,5.3,0.57,0.01,0.054000000000000006,27.0,0.9934,0.84,high
445,9.5,0.735,0.1,0.079,31.0,0.9986,0.56,low
446,12.5,0.38,0.6,0.081,72.0,0.9996,0.73,low
447,9.3,0.48,0.29,0.127,16.0,0.9968,0.72,low
448,8.6,0.53,0.22,0.1,27.0,0.9967,0.56,low
449,11.9,0.39,0.69,0.095,35.0,0.9994,0.61,low
450,11.9,0.39,0.69,0.095,35.0,0.9994,0.61,low
451,8.4,0.37,0.53,0.413,26.0,0.9979,1.06,low
452,6.8,0.56,0.03,0.084,35.0,0.9968,0.63,low
453,10.4,0.33,0.63,0.084,22.0,0.9998,0.74,high
454,7.0,0.23,0.4,0.063,67.0,0.9952,0.63,low
455,11.3,0.62,0.67,0.086,19.0,0.9988,0.69,high
456,8.9,0.59,0.39,0.095,22.0,0.9986,0.58,low
457,9.2,0.63,0.21,0.097,65.0,0.9988,0.58,low
458,10.4,0.33,0.63,0.084,22.0,0.9998,0.74,high
459,11.6,0.58,0.66,0.07400000000000001,47.0,1.0008,0.57,low
460,9.2,0.43,0.52,0.083,23.0,0.9976,0.61,low
461,8.3,0.615,0.22,0.087,19.0,0.9982,0.61,low
462,11.0,0.26,0.68,0.085,25.0,0.997,0.61,low
463,8.1,0.66,0.7,0.098,129.0,0.9972,0.53,low
464,11.5,0.315,0.54,0.084,15.0,0.9987,0.7,low
465,10.0,0.29,0.4,0.098,26.0,1.0006,0.91,low
466,10.3,0.5,0.42,0.069,51.0,0.9982,0.72,low
467,8.8,0.46,0.45,0.065,18.0,0.9947,0.79,low
468,11.4,0.36,0.69,0.09,21.0,1.0,0.62,low
469,8.7,0.82,0.02,0.07,48.0,0.9952,0.58,low
470,13.0,0.32,0.65,0.093,47.0,0.9996,0.61,low
471,9.6,0.54,0.42,0.081,52.0,0.997,0.71,low
472,12.5,0.37,0.55,0.083,68.0,0.9995,0.82,low
473,9.9,0.35,0.55,0.062,14.0,0.9971,0.79,low
474,10.5,0.28,0.51,0.08,24.0,0.9982,0.89,low
475,9.6,0.68,0.24,0.087,28.0,0.9988,0.6,low
476,9.3,0.27,0.41,0.091,16.0,0.998,0.7,low
477,10.4,0.24,0.49,0.075,20.0,0.9977,1.06,low
478,9.6,0.68,0.24,0.087,28.0,0.9988,0.6,low
479,9.4,0.685,0.11,0.077,31.0,0.9984,0.7,low
480,10.6,0.28,0.39,0.069,23.0,1.0026,0.66,low
481,9.4,0.3,0.56,0.08,17.0,0.9964,0.92,high
482,10.6,0.36,0.59,0.152,18.0,0.9986,1.05,low
483,10.6,0.36,0.6,0.152,18.0,0.9986,1.06,low
484,10.6,0.44,0.68,0.114,24.0,0.997,0.66,low
485,10.2,0.67,0.39,0.054000000000000006,17.0,0.9976,0.47,low
486,10.2,0.67,0.39,0.054000000000000006,17.0,0.9976,0.47,low
487,10.2,0.645,0.36,0.053,14.0,0.9982,0.42,low
488,11.6,0.32,0.55,0.081,67.0,1.0002,0.92,high
489,9.3,0.39,0.4,0.073,26.0,0.9984,0.75,low
490,9.3,0.775,0.27,0.078,56.0,0.9984,0.67,low
491,9.2,0.41,0.5,0.055,25.0,0.9952,0.79,high
492,8.9,0.4,0.51,0.052000000000000005,27.0,0.995,0.9,high
493,8.7,0.69,0.31,0.086,81.0,1.0002,0.74,low
494,6.5,0.39,0.23,0.051,91.0,0.9952,0.55,low
495,10.7,0.35,0.53,0.07,16.0,0.9972,0.65,high
496,7.8,0.52,0.25,0.081,38.0,0.9984,0.65,low
497,7.2,0.34,0.32,0.09,113.0,0.9966,0.79,low
498,10.7,0.35,0.53,0.07,16.0,0.9972,0.65,high
499,8.7,0.69,0.31,0.086,81.0,1.0002,0.74,low
500,7.8,0.52,0.25,0.081,38.0,0.9984,0.65,low
501,10.4,0.44,0.73,0.07400000000000001,76.0,0.999,0.85,high
502,10.4,0.44,0.73,0.07400000000000001,76.0,0.999,0.85,high
503,10.5,0.26,0.47,0.078,24.0,0.9976,1.04,high
504,10.5,0.24,0.42,0.077,22.0,0.9976,1.05,high
505,10.2,0.49,0.63,0.07200000000000001,26.0,0.9968,0.78,high
506,10.4,0.24,0.46,0.075,21.0,0.9976,1.02,high
507,11.2,0.67,0.55,0.084,13.0,1.0,0.71,low
508,10.0,0.59,0.31,0.09,62.0,0.9994,0.63,low
509,13.3,0.29,0.75,0.084,43.0,0.9986,0.68,high
510,12.4,0.42,0.49,0.073,43.0,0.9978,0.61,low
511,10.0,0.59,0.31,0.09,62.0,0.9994,0.63,low
512,10.7,0.4,0.48,0.125,49.0,0.998,0.81,low
513,10.5,0.51,0.64,0.107,15.0,0.9973,0.66,high
514,10.5,0.51,0.64,0.107,15.0,0.9973,0.66,high
515,8.5,0.655,0.49,0.122,151.0,1.001,1.14,low
516,12.5,0.6,0.49,0.1,14.0,1.001,0.74,low
517,10.4,0.61,0.49,0.2,16.0,0.9994,0.63,low
518,10.9,0.21,0.49,0.08800000000000001,32.0,0.9972,0.68,low
519,7.3,0.365,0.49,0.08800000000000001,106.0,0.9966,0.78,low
520,9.8,0.25,0.49,0.08800000000000001,33.0,0.9982,0.9,low
521,7.6,0.41,0.49,0.08800000000000001,43.0,0.998,0.64,low
522,8.2,0.39,0.49,0.099,133.0,0.9979,0.99,low
523,9.3,0.4,0.49,0.085,142.0,0.9978,0.55,low
524,9.2,0.43,0.49,0.086,116.0,0.9976,0.64,low
525,10.4,0.64,0.24,0.105,53.0,0.9998,0.67,low
526,7.3,0.365,0.49,0.08800000000000001,106.0,0.9966,0.78,low
527,7.0,0.38,0.49,0.097,85.0,0.9962,0.77,low
528,8.2,0.42,0.49,0.084,55.0,0.9988,0.75,low
529,9.9,0.63,0.24,0.077,33.0,0.9974,0.57,low
530,9.1,0.22,0.24,0.078,28.0,0.999,0.87,low
531,11.9,0.38,0.49,0.098,42.0,1.0004,0.61,low
532,11.9,0.38,0.49,0.098,42.0,1.0004,0.61,low
533,10.3,0.27,0.24,0.07200000000000001,33.0,0.9956,0.66,low
534,10.0,0.48,0.24,0.102,32.0,1.0,0.56,low
535,9.1,0.22,0.24,0.078,28.0,0.999,0.87,low
536,9.9,0.63,0.24,0.077,33.0,0.9974,0.57,low
537,8.1,0.825,0.24,0.084,13.0,0.9972,0.77,low
538,12.9,0.35,0.49,0.066,35.0,1.0014,0.66,high
539,11.2,0.5,0.74,0.1,17.0,0.9996,0.62,low
540,9.2,0.59,0.24,0.101,47.0,0.9988,0.67,low
541,9.5,0.46,0.49,0.064,17.0,0.9988,0.73,low
542,9.3,0.715,0.24,0.07,20.0,0.9966,0.59,low
543,11.2,0.66,0.24,0.085,53.0,0.9993,0.72,low
544,14.3,0.31,0.74,0.075,15.0,1.0008,0.79,low
545,9.1,0.47,0.49,0.094,106.0,0.9982,0.59,low
546,7.5,0.55,0.24,0.078,28.0,0.9983,0.78,low
547,10.6,0.31,0.49,0.067,21.0,0.9987,0.86,low
548,12.4,0.35,0.49,0.079,69.0,0.9994,0.75,low
549,9.0,0.53,0.49,0.171,25.0,0.9975,0.61,low
550,6.8,0.51,0.01,0.07400000000000001,25.0,0.9958,0.56,low
551,9.4,0.43,0.24,0.092,45.0,0.998,0.73,low
552,9.5,0.46,0.24,0.092,44.0,0.998,0.74,low
553,5.0,1.04,0.24,0.05,96.0,0.9934,0.62,low
554,15.5,0.645,0.49,0.095,23.0,1.00315,0.74,low
555,15.5,0.645,0.49,0.095,23.0,1.00315,0.74,low
556,10.9,0.53,0.49,0.118,17.0,1.0002,0.56,low
557,15.6,0.645,0.49,0.095,23.0,1.00315,0.74,low
558,10.9,0.53,0.49,0.118,17.0,1.0002,0.56,low
559,13.0,0.47,0.49,0.085,47.0,1.0021,0.68,low
560,12.7,0.6,0.49,0.075,19.0,0.9994,0.57,low
561,9.0,0.44,0.49,0.078,121.0,0.9978,0.58,low
562,9.0,0.54,0.49,0.094,110.0,0.9982,0.61,low
563,7.6,0.29,0.49,0.092,60.0,0.9971,0.61,low
564,13.0,0.47,0.49,0.085,47.0,1.0021,0.68,low
565,12.7,0.6,0.49,0.075,19.0,0.9994,0.57,low
566,8.7,0.7,0.24,0.226,15.0,0.9991,0.6,low
567,8.7,0.7,0.24,0.226,15.0,0.9991,0.6,low
568,9.8,0.5,0.49,0.25,20.0,0.999,0.79,low
569,6.2,0.36,0.24,0.095,42.0,0.9946,0.57,low
570,11.5,0.35,0.49,0.07,37.0,1.0003,0.91,low
571,6.2,0.36,0.24,0.095,42.0,0.9946,0.57,low
572,10.2,0.24,0.49,0.075,28.0,0.9978,0.61,low
573,10.5,0.59,0.49,0.07,47.0,0.9991,0.56,low
574,10.6,0.34,0.49,0.078,78.0,0.9992,0.7,low
575,12.3,0.27,0.49,0.079,46.0,0.9993,0.8,low
576,9.9,0.5,0.24,0.103,14.0,0.9978,0.52,low
577,8.8,0.44,0.49,0.083,111.0,0.9982,0.6,low
578,8.8,0.47,0.49,0.085,110.0,0.9982,0.6,low
579,10.6,0.31,0.49,0.063,40.0,0.9976,0.51,low
580,12.3,0.5,0.49,0.08900000000000001,14.0,1.0002,0.44,low
581,12.3,0.5,0.49,0.08900000000000001,14.0,1.0002,0.44,low
582,11.7,0.49,0.49,0.083,15.0,1.0,0.43,low
583,12.0,0.28,0.49,0.07400000000000001,21.0,0.9976,0.66,high
584,11.8,0.33,0.49,0.093,80.0,1.0002,0.76,high
585,7.6,0.51,0.24,0.091,38.0,0.998,0.66,low
586,11.1,0.31,0.49,0.094,47.0,0.9986,1.02,high
587,7.3,0.73,0.24,0.108,102.0,0.9967,0.59,low
588,5.0,0.42,0.24,0.06,50.0,0.9917,0.74,high
589,10.2,0.29,0.49,0.059,13.0,0.9976,0.74,high
590,9.0,0.45,0.49,0.084,75.0,0.9987,0.57,low
591,6.6,0.39,0.49,0.07,149.0,0.9922,0.5,low
592,9.0,0.45,0.49,0.084,75.0,0.9987,0.57,low
593,9.9,0.49,0.58,0.094,43.0,1.0004,0.58,low
594,7.9,0.72,0.17,0.096,38.0,0.9978,0.53,low
595,8.9,0.595,0.41,0.086,109.0,0.9998,0.57,low
596,12.4,0.4,0.51,0.059,24.0,0.9994,0.6,low
597,11.9,0.58,0.58,0.071,18.0,0.998,0.63,low
598,8.5,0.585,0.18,0.078,30.0,0.9967,0.48,low
599,12.7,0.59,0.45,0.08199999999999999,22.0,1.0,0.7,low
600,8.2,0.915,0.27,0.08800000000000001,23.0,0.9962,0.47,low
601,13.2,0.46,0.52,0.071,35.0,1.0006,0.56,low
602,7.7,0.835,0.0,0.081,14.0,0.9975,0.52,low
603,13.2,0.46,0.52,0.071,35.0,1.0006,0.56,low
604,8.3,0.58,0.13,0.096,63.0,0.9984,0.62,low
605,8.3,0.6,0.13,0.085,24.0,0.9984,0.59,low
606,9.4,0.41,0.48,0.07200000000000001,20.0,0.9973,0.79,high
607,8.8,0.48,0.41,0.092,52.0,0.9982,0.53,low
608,10.1,0.65,0.37,0.11,65.0,1.0026,0.64,low
609,6.3,0.36,0.19,0.075,39.0,0.9956,0.52,low
610,8.8,0.24,0.54,0.083,57.0,0.9983,0.54,low
611,13.2,0.38,0.55,0.081,16.0,1.0006,0.54,low
612,7.5,0.64,0.0,0.077,29.0,0.9965,0.6,low
613,8.2,0.39,0.38,0.058,29.0,0.9962,0.74,low
614,9.2,0.755,0.18,0.14800000000000002,103.0,0.9969,1.36,low
615,9.6,0.6,0.5,0.079,71.0,0.9997,0.57,low
616,9.6,0.6,0.5,0.079,71.0,0.9997,0.57,low
617,11.5,0.31,0.51,0.079,28.0,0.9982,0.93,low
618,11.4,0.46,0.5,0.122,17.0,1.0006,0.7,low
619,11.3,0.37,0.41,0.08800000000000001,16.0,0.9988,0.8,low
620,8.3,0.54,0.24,0.076,112.0,0.9976,0.61,low
621,8.2,0.56,0.23,0.078,104.0,0.9976,0.62,low
622,10.0,0.58,0.22,0.08,32.0,0.9974,0.55,low
623,7.9,0.51,0.25,0.077,45.0,0.9974,0.96,low
624,6.8,0.69,0.0,0.124,58.0,0.9997,0.72,low
625,6.8,0.69,0.0,0.124,58.0,0.9997,0.72,low
626,8.8,0.6,0.29,0.098,15.0,0.9988,0.49,low
627,8.8,0.6,0.29,0.098,15.0,0.9988,0.49,low
628,8.7,0.54,0.26,0.097,31.0,0.9976,0.6,low
629,7.6,0.685,0.23,0.111,84.0,0.9964,0.61,low
630,8.7,0.54,0.26,0.097,31.0,0.9976,0.6,low
631,10.4,0.28,0.54,0.105,19.0,0.9988,0.63,low
632,7.6,0.41,0.14,0.087,43.0,0.9964,0.57,low
633,10.1,0.935,0.22,0.105,86.0,1.001,0.64,low
634,7.9,0.35,0.21,0.073,102.0,0.9964,0.58,low
635,8.7,0.84,0.0,0.065,33.0,0.9954,0.55,low
636,9.6,0.88,0.28,0.086,147.0,0.9979,0.53,low
637,9.5,0.885,0.27,0.084,145.0,0.9978,0.53,low
638,7.7,0.915,0.12,0.14300000000000002,23.0,0.9964,0.65,high
639,8.9,0.29,0.35,0.067,57.0,0.997,1.36,low
640,9.9,0.54,0.45,0.071,40.0,0.9991,0.62,low
641,9.5,0.59,0.44,0.071,68.0,0.9992,0.63,low
642,9.9,0.54,0.45,0.071,40.0,0.9991,0.62,low
643,9.5,0.59,0.44,0.071,68.0,0.9992,0.63,low
644,9.9,0.54,0.45,0.071,40.0,0.9991,0.62,low
645,7.8,0.64,0.1,0.115,11.0,0.9984,0.69,high
646,7.3,0.67,0.05,0.107,20.0,0.9972,0.63,low
647,8.3,0.845,0.01,0.07,14.0,0.9967,0.58,low
648,8.7,0.48,0.3,0.066,28.0,0.9964,0.67,high
649,6.7,0.42,0.27,0.068,148.0,0.9948,0.57,low
650,10.7,0.43,0.39,0.106,32.0,0.9986,0.5,low
651,9.8,0.88,0.25,0.104,155.0,1.001,0.67,low
652,15.9,0.36,0.65,0.096,71.0,0.9976,0.84,low
653,9.4,0.33,0.59,0.079,30.0,0.9976,0.54,low
654,8.6,0.47,0.47,0.07400000000000001,29.0,0.9979,0.46,low
655,9.7,0.55,0.17,0.087,53.0,1.0004,0.61,low
656,10.7,0.43,0.39,0.106,32.0,0.9986,0.5,low
657,12.0,0.5,0.59,0.073,42.0,0.998,0.68,high
658,7.2,0.52,0.07,0.07400000000000001,20.0,0.9973,0.81,low
659,7.1,0.84,0.02,0.096,13.0,0.997,0.57,low
660,7.2,0.52,0.07,0.07400000000000001,20.0,0.9973,0.81,low
661,7.5,0.42,0.31,0.08,42.0,0.9978,0.64,low
662,7.2,0.57,0.06,0.076,27.0,0.9972,0.7,low
663,10.1,0.28,0.46,0.05,13.0,0.9974,0.79,low
664,12.1,0.4,0.52,0.092,54.0,1.0,0.66,low
665,9.4,0.59,0.14,0.084,48.0,0.9981,0.56,low
666,8.3,0.49,0.36,0.222,16.0,0.998,0.6,low
667,11.3,0.34,0.45,0.08199999999999999,15.0,0.9988,0.66,low
668,10.0,0.73,0.43,0.059,31.0,0.9966,0.57,low
669,11.3,0.34,0.45,0.08199999999999999,15.0,0.9988,0.66,low
670,6.9,0.4,0.24,0.083,45.0,0.9959,0.58,low
671,8.2,0.73,0.21,0.07400000000000001,13.0,0.9968,0.52,low
672,9.8,1.24,0.34,0.079,151.0,0.998,0.53,low
673,8.2,0.73,0.21,0.07400000000000001,13.0,0.9968,0.52,low
674,10.8,0.4,0.41,0.084,17.0,0.9984,0.67,low
675,9.3,0.41,0.39,0.064,31.0,0.9984,0.65,low
676,10.8,0.4,0.41,0.084,17.0,0.9984,0.67,low
677,8.6,0.8,0.11,0.084,31.0,0.9979,0.48,low
678,8.3,0.78,0.1,0.081,87.0,0.9983,0.53,low
679,10.8,0.26,0.45,0.06,49.0,0.9972,0.54,low
680,13.3,0.43,0.58,0.07,40.0,1.0004,0.49,low
681,8.0,0.45,0.23,0.094,29.0,0.9962,0.49,low
682,8.5,0.46,0.31,0.078,58.0,0.998,0.54,low
683,8.1,0.78,0.23,0.059,15.0,0.997,0.56,low
684,9.8,0.98,0.32,0.078,152.0,0.998,0.48,low
685,8.1,0.78,0.23,0.059,15.0,0.997,0.56,low
686,7.1,0.65,0.18,0.07,40.0,0.997,0.6,low
687,9.1,0.64,0.23,0.095,38.0,0.9998,0.59,low
688,7.7,0.66,0.04,0.039,9.0,0.9962,0.47,low
689,8.1,0.38,0.48,0.157,17.0,0.9976,1.05,low
690,7.4,1.185,0.0,0.097,14.0,0.9966,0.54,low
691,9.2,0.92,0.24,0.087,93.0,0.9998,0.54,low
692,8.6,0.49,0.51,0.422,62.0,0.9979,1.17,low
693,9.0,0.48,0.32,0.084,122.0,0.9984,0.62,low
694,9.0,0.47,0.31,0.084,125.0,0.9984,0.61,low
695,5.1,0.47,0.02,0.034,44.0,0.9921,0.62,low
696,7.0,0.65,0.02,0.066,25.0,0.9972,0.67,low
697,7.0,0.65,0.02,0.066,25.0,0.9972,0.67,low
698,9.4,0.615,0.28,0.087,72.0,1.0001,0.53,low
699,11.8,0.38,0.55,0.071,19.0,0.9986,0.62,low
700,10.6,1.02,0.43,0.076,88.0,0.9984,0.57,low
701,7.0,0.65,0.02,0.066,25.0,0.9972,0.67,low
702,7.0,0.64,0.02,0.067,23.0,0.997,0.67,low
703,7.5,0.38,0.48,0.073,84.0,0.9972,0.7,low
704,9.1,0.765,0.04,0.078,14.0,0.998,0.54,low
705,8.4,1.035,0.15,0.073,54.0,0.999,0.49,low
706,7.0,0.78,0.08,0.093,19.0,0.9956,0.47,low
707,7.4,0.49,0.19,0.077,37.0,0.9966,0.51,low
708,7.8,0.545,0.12,0.068,35.0,0.996,0.61,low
709,9.7,0.31,0.47,0.062,33.0,0.9983,0.66,low
710,10.6,1.025,0.43,0.08,84.0,0.9985,0.57,low
711,8.9,0.565,0.34,0.093,112.0,0.9998,0.61,low
712,8.7,0.69,0.0,0.084,33.0,0.9992,0.45,low
713,8.0,0.43,0.36,0.075,48.0,0.9976,0.46,low
714,9.9,0.74,0.28,0.078,77.0,0.998,0.51,low
715,7.2,0.49,0.18,0.069,34.0,0.9967,0.48,low
716,8.0,0.43,0.36,0.075,48.0,0.9976,0.46,low
717,7.6,0.46,0.11,0.079,49.0,0.9968,0.57,low
718,8.4,0.56,0.04,0.08199999999999999,22.0,0.9976,0.44,low
719,7.1,0.66,0.0,0.086,45.0,0.9976,0.54,low
720,8.4,0.56,0.04,0.08199999999999999,22.0,0.9976,0.44,low
721,8.9,0.48,0.24,0.094,106.0,0.9982,0.53,low
722,7.6,0.42,0.08,0.084,48.0,0.9968,0.59,low
723,7.1,0.31,0.3,0.053,127.0,0.9965,1.62,low
724,7.5,1.115,0.1,0.086,12.0,0.9958,0.6,low
725,9.0,0.66,0.17,0.077,13.0,0.9976,0.55,low
726,8.1,0.72,0.09,0.084,49.0,0.9994,0.72,low
727,6.4,0.57,0.02,0.067,11.0,0.997,0.68,low
728,6.4,0.57,0.02,0.067,11.0,0.997,0.68,low
729,6.4,0.865,0.03,0.071,58.0,0.995,0.49,low
730,9.5,0.55,0.66,0.387,37.0,0.9982,0.67,low
731,8.9,0.875,0.13,0.08800000000000001,14.0,0.9994,0.52,low
732,7.3,0.835,0.03,0.092,19.0,0.9966,0.47,low
733,7.0,0.45,0.34,0.08199999999999999,72.0,0.998,0.6,low
734,7.7,0.56,0.2,0.075,39.0,0.9987,0.62,low
735,7.7,0.965,0.1,0.112,22.0,0.9963,0.5,low
736,7.7,0.965,0.1,0.112,22.0,0.9963,0.5,low
737,8.2,0.59,0.0,0.093,58.0,1.0002,0.65,low
738,9.0,0.46,0.23,0.092,104.0,0.9983,0.56,low
739,9.0,0.69,0.0,0.08800000000000001,38.0,0.999,0.6,low
740,8.3,0.76,0.29,0.075,16.0,0.9965,0.68,low
741,9.2,0.53,0.24,0.078,139.0,0.99788,0.57,low
742,6.5,0.615,0.0,0.065,18.0,0.9972,0.65,low
743,11.6,0.41,0.58,0.096,101.0,1.00024,0.53,low
744,11.1,0.39,0.54,0.095,101.0,1.0001,0.51,low
745,7.3,0.51,0.18,0.07,28.0,0.99768,0.73,low
746,8.2,0.34,0.38,0.08,57.0,0.9978,0.47,low
747,8.6,0.33,0.4,0.083,68.0,0.99782,0.48,low
748,7.2,0.5,0.18,0.071,31.0,0.99761,0.72,low
749,7.3,0.51,0.18,0.07,28.0,0.99768,0.73,low
750,8.3,0.65,0.1,0.08900000000000001,40.0,0.99803,0.55,low
751,8.3,0.65,0.1,0.08900000000000001,40.0,0.99803,0.55,low
752,7.6,0.54,0.13,0.097,66.0,0.99785,0.61,low
753,8.3,0.65,0.1,0.08900000000000001,40.0,0.99803,0.55,low
754,7.8,0.48,0.68,0.415,32.0,0.99656,1.06,low
755,7.8,0.91,0.07,0.058,47.0,0.99525,0.43,low
756,6.3,0.98,0.01,0.057,33.0,0.99488,0.46,low
757,8.1,0.87,0.0,0.084,31.0,0.99656,0.5,low
758,8.1,0.87,0.0,0.084,31.0,0.99656,0.5,low
759,8.8,0.42,0.21,0.092,88.0,0.99823,0.52,low
760,9.0,0.58,0.25,0.075,104.0,0.99779,0.57,low
761,9.3,0.655,0.26,0.096,35.0,0.99738,0.42,low
762,8.8,0.7,0.0,0.069,19.0,0.99701,0.53,low
763,9.3,0.655,0.26,0.096,35.0,0.99738,0.42,low
764,9.1,0.68,0.11,0.093,44.0,0.99888,0.55,low
765,9.2,0.67,0.1,0.091,48.0,0.99888,0.54,low
766,8.8,0.59,0.18,0.08900000000000001,74.0,0.99738,0.54,low
767,7.5,0.6,0.32,0.103,98.0,0.99938,0.62,low
768,7.1,0.59,0.02,0.08199999999999999,94.0,0.99744,0.53,low
769,7.9,0.72,0.01,0.076,32.0,0.99668,0.54,low
770,7.1,0.59,0.02,0.08199999999999999,94.0,0.99744,0.53,low
771,9.4,0.685,0.26,0.08199999999999999,143.0,0.9978,0.55,low
772,9.5,0.57,0.27,0.08199999999999999,144.0,0.99782,0.55,low
773,7.9,0.4,0.29,0.157,44.0,0.9973,0.92,low
774,7.9,0.4,0.3,0.157,45.0,0.99727,0.91,low
775,7.2,1.0,0.0,0.102,16.0,0.99586,0.46,low
776,6.9,0.765,0.18,0.243,48.0,0.99612,0.6,low
777,6.9,0.635,0.17,0.241,18.0,0.9961,0.59,low
778,8.3,0.43,0.3,0.079,34.0,0.99788,0.61,low
779,7.1,0.52,0.03,0.076,92.0,0.99745,0.6,low
780,7.0,0.57,0.0,0.19,45.0,0.99676,0.6,low
781,6.5,0.46,0.14,0.114,37.0,0.99732,0.65,low
782,9.0,0.82,0.05,0.081,96.0,0.99814,0.53,low
783,6.5,0.46,0.14,0.114,37.0,0.99732,0.65,low
784,7.1,0.59,0.01,0.077,85.0,0.99746,0.59,low
785,9.9,0.35,0.41,0.083,61.0,0.9982,0.5,low
786,9.9,0.35,0.41,0.083,61.0,0.9982,0.5,low
787,10.0,0.56,0.24,0.079,58.0,0.9991,0.56,low
788,10.0,0.56,0.24,0.079,58.0,0.9991,0.56,low
789,8.6,0.63,0.17,0.099,119.0,0.998,0.52,low
790,7.4,0.37,0.43,0.08199999999999999,82.0,0.99708,0.68,low
791,8.8,0.64,0.17,0.084,130.0,0.99818,0.54,low
792,7.1,0.61,0.02,0.081,87.0,0.99745,0.6,low
793,7.7,0.6,0.0,0.055,13.0,0.99639,0.56,low
794,10.1,0.27,0.54,0.065,26.0,0.99531,0.53,low
795,10.8,0.89,0.3,0.132,60.0,0.99786,1.18,low
796,8.7,0.46,0.31,0.126,64.0,0.99746,0.74,low
797,9.3,0.37,0.44,0.038,42.0,0.99526,0.81,high
798,9.4,0.5,0.34,0.08199999999999999,14.0,0.9987,0.52,low
799,9.4,0.5,0.34,0.08199999999999999,14.0,0.9987,0.52,low
800,7.2,0.61,0.08,0.08199999999999999,108.0,0.99641,0.51,low
801,8.6,0.55,0.09,0.068,17.0,0.99735,0.44,low
802,5.1,0.585,0.0,0.044,86.0,0.99264,0.94,high
803,7.7,0.56,0.08,0.114,46.0,0.9971,0.66,low
804,8.4,0.52,0.22,0.084,18.0,0.99682,0.57,low
805,8.2,0.28,0.4,0.052000000000000005,10.0,0.99356,0.7,high
806,8.4,0.25,0.39,0.041,10.0,0.99386,0.71,high
807,8.2,0.28,0.4,0.052000000000000005,10.0,0.99356,0.7,high
808,7.4,0.53,0.12,0.165,12.0,0.99702,0.86,low
809,7.6,0.48,0.31,0.07,15.0,0.99693,0.55,low
810,7.3,0.49,0.1,0.068,14.0,0.99562,0.47,low
811,12.9,0.5,0.55,0.07200000000000001,24.0,1.00012,0.68,low
812,10.8,0.45,0.33,0.099,38.0,0.99818,0.71,low
813,6.9,0.39,0.24,0.102,7.0,0.99462,0.58,low
814,12.6,0.41,0.54,0.103,41.0,0.99939,0.76,low
815,10.8,0.45,0.33,0.099,38.0,0.99818,0.71,low
816,9.8,0.51,0.19,0.081,30.0,0.9984,0.58,low
817,10.8,0.29,0.42,0.084,27.0,0.99545,0.73,low
818,7.1,0.715,0.0,0.071,47.0,0.99632,0.45,low
819,9.1,0.66,0.15,0.097,59.0,0.99976,0.54,low
820,7.0,0.685,0.0,0.099,22.0,0.99606,0.6,low
821,4.9,0.42,0.0,0.048,42.0,0.99154,0.74,high
822,6.7,0.54,0.13,0.076,36.0,0.9973,0.64,low
823,6.7,0.54,0.13,0.076,36.0,0.9973,0.64,low
824,7.1,0.48,0.28,0.068,16.0,0.99682,0.53,low
825,7.1,0.46,0.14,0.076,37.0,0.99624,0.49,low
826,7.5,0.27,0.34,0.05,8.0,0.9951,0.64,high
827,7.1,0.46,0.14,0.076,37.0,0.99624,0.49,low
828,7.8,0.57,0.09,0.065,45.0,0.99417,0.74,high
829,5.9,0.61,0.08,0.071,24.0,0.99376,0.77,low
830,7.5,0.685,0.07,0.058,9.0,0.99632,0.55,low
831,5.9,0.61,0.08,0.071,24.0,0.99376,0.77,low
832,10.4,0.44,0.42,0.145,48.0,0.99832,0.86,low
833,11.6,0.47,0.44,0.147,51.0,0.99836,0.86,low
834,8.8,0.685,0.26,0.08800000000000001,23.0,0.99694,0.47,low
835,7.6,0.665,0.1,0.066,55.0,0.99655,0.51,low
836,6.7,0.28,0.28,0.012,100.0,0.99064,0.39,high
837,6.7,0.28,0.28,0.012,100.0,0.99064,0.39,high
838,10.1,0.31,0.35,0.075,28.0,0.99672,0.83,high
839,6.0,0.5,0.04,0.092,26.0,0.99647,0.47,low
840,11.1,0.42,0.47,0.085,34.0,0.99736,0.77,high
841,6.6,0.66,0.0,0.115,31.0,0.99629,0.63,low
842,10.6,0.5,0.45,0.119,68.0,0.99708,0.72,low
843,7.1,0.685,0.35,0.08800000000000001,92.0,0.9963,0.62,low
844,9.9,0.25,0.46,0.062,42.0,0.9959,0.83,low
845,6.4,0.64,0.21,0.081,31.0,0.99689,0.66,low
846,6.4,0.64,0.21,0.081,31.0,0.99689,0.66,low
847,7.4,0.68,0.16,0.078,39.0,0.9977,0.7,low
848,6.4,0.64,0.21,0.081,31.0,0.99689,0.66,low
849,6.4,0.63,0.21,0.08,32.0,0.99689,0.66,low
850,9.3,0.43,0.44,0.085,22.0,0.99708,0.55,low
851,9.3,0.43,0.44,0.085,22.0,0.99708,0.55,low
852,8.0,0.42,0.32,0.08,122.0,0.99801,1.07,low
853,9.3,0.36,0.39,0.08,55.0,0.99652,0.73,low
854,9.3,0.36,0.39,0.08,55.0,0.99652,0.73,low
855,7.6,0.735,0.02,0.071,14.0,0.99538,0.71,high
856,9.3,0.36,0.39,0.08,55.0,0.99652,0.73,low
857,8.2,0.26,0.34,0.073,47.0,0.99594,0.78,high
858,11.7,0.28,0.47,0.054000000000000006,32.0,0.99686,0.67,high
859,6.8,0.56,0.22,0.07400000000000001,24.0,0.99438,0.82,low
860,7.2,0.62,0.06,0.077,85.0,0.99746,0.54,low
861,5.8,1.01,0.66,0.039,88.0,0.99357,0.6,low
862,7.5,0.42,0.32,0.067,25.0,0.99628,0.44,low
863,7.2,0.62,0.06,0.078,84.0,0.99746,0.53,low
864,7.2,0.62,0.06,0.077,85.0,0.99746,0.54,low
865,7.2,0.635,0.07,0.077,86.0,0.99748,0.54,low
866,6.8,0.49,0.22,0.071,24.0,0.99438,0.83,low
867,6.9,0.51,0.23,0.07200000000000001,22.0,0.99438,0.84,low
868,6.8,0.56,0.22,0.07400000000000001,24.0,0.99438,0.82,low
869,7.6,0.63,0.03,0.08,43.0,0.99578,0.64,low
870,7.7,0.715,0.01,0.064,43.0,0.99371,0.57,low
871,6.9,0.56,0.03,0.086,46.0,0.99522,0.57,low
872,7.3,0.35,0.24,0.067,48.0,0.99576,0.54,low
873,9.1,0.21,0.37,0.067,10.0,0.99552,0.58,high
874,10.4,0.38,0.46,0.104,10.0,0.99664,0.65,high
875,8.8,0.31,0.4,0.109,16.0,0.99614,0.79,high
876,7.1,0.47,0.0,0.067,14.0,0.99517,0.58,low
877,7.7,0.715,0.01,0.064,43.0,0.99371,0.57,low
878,8.8,0.61,0.19,0.094,69.0,0.99787,0.5,low
879,7.2,0.6,0.04,0.076,88.0,0.99745,0.55,low
880,9.2,0.56,0.18,0.078,21.0,0.99576,0.49,low
881,7.6,0.715,0.0,0.068,35.0,0.99533,0.65,low
882,8.4,0.31,0.29,0.194,26.0,0.99536,0.78,low
883,7.2,0.6,0.04,0.076,88.0,0.99745,0.55,low
884,8.8,0.61,0.19,0.094,69.0,0.99787,0.5,low
885,8.9,0.75,0.14,0.086,30.0,0.99824,0.64,low
886,9.0,0.8,0.12,0.083,28.0,0.99836,0.65,low
887,10.7,0.52,0.38,0.066,56.0,0.99577,0.79,high
888,6.8,0.57,0.0,0.07200000000000001,64.0,0.99491,0.56,low
889,10.7,0.9,0.34,0.112,99.0,1.00289,0.68,low
890,7.2,0.34,0.24,0.071,52.0,0.99576,0.58,low
891,7.2,0.66,0.03,0.078,86.0,0.99743,0.57,low
892,10.1,0.45,0.23,0.08199999999999999,18.0,0.99774,0.65,low
893,7.2,0.66,0.03,0.078,86.0,0.99743,0.57,low
894,7.2,0.63,0.03,0.08,88.0,0.99745,0.58,low
895,7.1,0.59,0.01,0.08,43.0,0.9955,0.58,low
896,8.3,0.31,0.39,0.078,43.0,0.99444,0.77,high
897,7.1,0.59,0.01,0.08,43.0,0.9955,0.58,low
898,8.3,0.31,0.39,0.078,43.0,0.99444,0.77,high
899,8.3,1.02,0.02,0.084,11.0,0.99892,0.49,low
900,8.9,0.31,0.36,0.056,39.0,0.99562,0.69,low
901,7.4,0.635,0.1,0.08,33.0,0.99736,0.69,high
902,7.4,0.635,0.1,0.08,33.0,0.99736,0.69,high
903,6.8,0.59,0.06,0.06,18.0,0.9962,0.59,high
904,6.8,0.59,0.06,0.06,18.0,0.9962,0.59,high
905,9.2,0.58,0.2,0.081,115.0,0.998,0.59,low
906,7.2,0.54,0.27,0.084,78.0,0.9964,0.71,low
907,6.1,0.56,0.0,0.079,9.0,0.9948,0.54,low
908,7.4,0.52,0.13,0.078,61.0,0.99528,0.59,low
909,7.3,0.305,0.39,0.059,11.0,0.99331,0.52,low
910,9.3,0.38,0.48,0.132,11.0,0.99577,0.57,low
911,9.1,0.28,0.46,0.114,9.0,0.99901,0.6,low
912,10.0,0.46,0.44,0.065,8.0,0.99674,0.62,low
913,9.4,0.395,0.46,0.094,10.0,0.99639,0.64,high
914,7.3,0.305,0.39,0.059,11.0,0.99331,0.52,low
915,8.6,0.315,0.4,0.079,6.0,0.99512,0.67,low
916,5.3,0.715,0.19,0.161,62.0,0.99395,0.61,low
917,6.8,0.41,0.31,0.084,45.0,0.99824,0.64,low
918,8.4,0.36,0.32,0.081,79.0,0.9964,0.72,low
919,8.4,0.62,0.12,0.07200000000000001,46.0,0.99504,0.89,low
920,9.6,0.41,0.37,0.091,23.0,0.99786,0.56,low
921,8.4,0.36,0.32,0.081,79.0,0.9964,0.72,low
922,8.4,0.62,0.12,0.07200000000000001,46.0,0.99504,0.89,low
923,6.8,0.41,0.31,0.084,45.0,0.99824,0.64,low
924,8.6,0.47,0.27,0.055,28.0,0.99516,0.8,low
925,8.6,0.22,0.36,0.064,77.0,0.99604,0.87,high
926,9.4,0.24,0.33,0.061,73.0,0.99786,0.9,low
927,8.4,0.67,0.19,0.093,75.0,0.99736,0.59,low
928,8.6,0.47,0.27,0.055,28.0,0.99516,0.8,low
929,8.7,0.33,0.38,0.063,19.0,0.99468,0.73,high
930,6.6,0.61,0.01,0.08,25.0,0.99746,0.73,low
931,7.4,0.61,0.01,0.07400000000000001,38.0,0.99748,0.65,low
932,7.6,0.4,0.29,0.078,66.0,0.9971,0.59,low
933,7.4,0.61,0.01,0.07400000000000001,38.0,0.99748,0.65,low
934,6.6,0.61,0.01,0.08,25.0,0.99746,0.73,low
935,8.8,0.3,0.38,0.06,72.0,0.99543,0.72,low
936,8.8,0.3,0.38,0.06,72.0,0.99543,0.72,low
937,12.0,0.63,0.5,0.071,26.0,0.99791,0.6,low
938,7.2,0.38,0.38,0.068,42.0,0.99356,0.72,high
939,6.2,0.46,0.17,0.073,11.0,0.99425,0.54,low
940,9.6,0.33,0.52,0.07400000000000001,25.0,0.99509,0.76,high
941,9.9,0.27,0.49,0.08199999999999999,17.0,0.99484,0.52,high
942,10.1,0.43,0.4,0.092,52.0,0.99834,0.64,high
943,9.8,0.5,0.34,0.094,45.0,0.99864,0.6,high
944,8.3,0.3,0.49,0.09,24.0,0.99498,0.64,high
945,10.2,0.44,0.42,0.071,20.0,0.99566,0.79,high
946,10.2,0.44,0.58,0.092,24.0,0.99745,0.99,high
947,8.3,0.28,0.48,0.093,12.0,0.99408,0.62,high
948,8.9,0.12,0.45,0.075,21.0,0.99552,0.76,high
949,8.9,0.12,0.45,0.075,21.0,0.99552,0.76,high
950,8.9,0.12,0.45,0.075,21.0,0.99552,0.76,high
951,8.3,0.28,0.48,0.093,12.0,0.99408,0.62,high
952,8.2,0.31,0.4,0.058,10.0,0.99536,0.68,high
953,10.2,0.34,0.48,0.052000000000000005,9.0,0.99458,0.69,high
954,7.6,0.43,0.4,0.08199999999999999,11.0,0.99538,0.54,low
955,8.5,0.21,0.52,0.09,23.0,0.99648,0.67,low
956,9.0,0.36,0.52,0.111,10.0,0.99568,0.62,low
957,9.5,0.37,0.52,0.08800000000000001,51.0,0.99613,0.58,low
958,6.4,0.57,0.12,0.12,36.0,0.99519,0.71,high
959,8.0,0.59,0.05,0.08900000000000001,32.0,0.99735,0.61,low
960,8.5,0.47,0.27,0.058,38.0,0.99518,0.85,low
961,7.1,0.56,0.14,0.078,18.0,0.99592,0.62,low
962,6.6,0.57,0.02,0.115,16.0,0.99654,0.69,low
963,8.8,0.27,0.39,0.1,27.0,0.99546,0.69,low
964,8.5,0.47,0.27,0.058,38.0,0.99518,0.85,low
965,8.3,0.34,0.4,0.065,48.0,0.99554,0.86,low
966,9.0,0.38,0.41,0.103,10.0,0.99604,0.58,high
967,8.5,0.66,0.2,0.097,113.0,0.99733,0.48,low
968,9.0,0.4,0.43,0.068,46.0,0.9943,0.6,low
969,6.7,0.56,0.09,0.079,22.0,0.99669,0.61,low
970,10.4,0.26,0.48,0.066,10.0,0.99724,0.87,low
971,10.4,0.26,0.48,0.066,10.0,0.99724,0.87,low
972,10.1,0.38,0.5,0.104,13.0,0.99643,0.65,high
973,8.5,0.34,0.44,0.079,12.0,0.99605,0.63,low
974,8.8,0.33,0.41,0.073,13.0,0.99658,0.62,high
975,7.2,0.41,0.3,0.083,72.0,0.997,0.52,low
976,7.2,0.41,0.3,0.083,72.0,0.997,0.52,low
977,8.4,0.59,0.29,0.109,119.0,0.99801,0.5,low
978,7.0,0.4,0.32,0.061,29.0,0.99416,0.49,high
979,12.2,0.45,0.49,0.075,6.0,0.9969,0.63,low
980,9.1,0.5,0.3,0.065,17.0,0.99774,0.71,low
981,9.5,0.86,0.26,0.079,28.0,0.99712,0.62,low
982,7.3,0.52,0.32,0.07,70.0,0.99418,0.82,low
983,9.1,0.5,0.3,0.065,17.0,0.99774,0.71,low
984,12.2,0.45,0.49,0.075,6.0,0.9969,0.63,low
985,7.4,0.58,0.0,0.064,11.0,0.99562,0.58,low
986,9.8,0.34,0.39,0.066,7.0,0.9947,0.55,high
987,7.1,0.36,0.3,0.08,70.0,0.99693,0.5,low
988,7.7,0.39,0.12,0.097,27.0,0.99596,0.49,low
989,9.7,0.295,0.4,0.073,21.0,0.99556,0.51,low
990,7.7,0.39,0.12,0.097,27.0,0.99596,0.49,low
991,7.1,0.34,0.28,0.08199999999999999,68.0,0.99694,0.48,low
992,6.5,0.4,0.1,0.076,47.0,0.99554,0.48,low
993,7.1,0.34,0.28,0.08199999999999999,68.0,0.99694,0.48,low
994,10.0,0.35,0.45,0.092,88.0,0.99918,0.43,low
995,7.7,0.6,0.06,0.079,41.0,0.99697,0.62,low
996,5.6,0.66,0.0,0.087,11.0,0.99378,0.63,high
997,5.6,0.66,0.0,0.087,11.0,0.99378,0.63,high
998,8.9,0.84,0.34,0.05,10.0,0.99554,0.48,low
999,6.4,0.69,0.0,0.055,12.0,0.99162,0.53,low
1000,7.5,0.43,0.3,0.062,12.0,0.99495,0.72,high
1001,9.9,0.35,0.38,0.058,47.0,0.99676,0.82,high
1002,9.1,0.29,0.33,0.063,27.0,0.99516,0.84,high
1003,6.8,0.36,0.32,0.067,8.0,0.9928,0.55,high
1004,8.2,0.43,0.29,0.081,45.0,0.99603,0.54,low
1005,6.8,0.36,0.32,0.067,8.0,0.9928,0.55,high
1006,9.1,0.29,0.33,0.063,27.0,0.99516,0.84,high
1007,9.1,0.3,0.34,0.064,25.0,0.99516,0.84,high
1008,8.9,0.35,0.4,0.11,24.0,0.99549,0.7,high
1009,9.6,0.5,0.36,0.116,55.0,0.99722,0.68,low
1010,8.9,0.28,0.45,0.067,12.0,0.99354,0.55,high
1011,8.9,0.32,0.31,0.08800000000000001,19.0,0.9957,0.55,low
1012,7.7,1.005,0.15,0.102,32.0,0.99604,0.48,low
1013,7.5,0.71,0.0,0.092,31.0,0.99635,0.58,low
1014,8.0,0.58,0.16,0.12,7.0,0.99454,0.58,low
1015,10.5,0.39,0.46,0.075,27.0,0.99598,0.84,low
1016,8.9,0.38,0.4,0.068,28.0,0.99486,0.75,high
1017,8.0,0.18,0.37,0.049,109.0,0.99007,0.44,low
1018,8.0,0.18,0.37,0.049,109.0,0.99007,0.44,low
1019,7.0,0.5,0.14,0.078,23.0,0.99636,0.61,low
1020,11.3,0.36,0.66,0.123,8.0,0.99642,0.53,low
1021,11.3,0.36,0.66,0.123,8.0,0.99642,0.53,low
1022,7.0,0.51,0.09,0.062,9.0,0.99584,0.54,low
1023,8.2,0.32,0.42,0.098,9.0,0.99506,0.55,low
1024,7.7,0.58,0.01,0.08800000000000001,18.0,0.99568,0.56,high
1025,8.6,0.83,0.0,0.095,43.0,0.99822,0.6,low
1026,7.9,0.31,0.32,0.066,36.0,0.99364,0.56,low
1027,6.4,0.795,0.0,0.065,52.0,0.99378,0.52,low
1028,7.2,0.34,0.21,0.075,68.0,0.99586,0.54,low
1029,7.7,0.58,0.01,0.08800000000000001,18.0,0.99568,0.56,high
1030,7.1,0.59,0.0,0.091,14.0,0.99488,0.55,high
1031,7.3,0.55,0.01,0.093,15.0,0.99514,0.58,high
1032,8.1,0.82,0.0,0.095,14.0,0.99854,0.53,low
1033,7.5,0.57,0.08,0.08900000000000001,27.0,0.99592,0.59,low
1034,8.9,0.745,0.18,0.077,48.0,0.99739,0.47,low
1035,10.1,0.37,0.34,0.085,17.0,0.99683,0.65,high
1036,7.6,0.31,0.34,0.08199999999999999,35.0,0.99356,0.59,high
1037,7.3,0.91,0.1,0.07400000000000001,56.0,0.99672,0.56,low
1038,8.7,0.41,0.41,0.078,42.0,0.9953,0.77,high
1039,8.9,0.5,0.21,0.08800000000000001,39.0,0.99692,0.83,low
1040,7.4,0.965,0.0,0.08800000000000001,32.0,0.99756,0.67,low
1041,6.9,0.49,0.19,0.079,26.0,0.99547,0.64,low
1042,8.9,0.5,0.21,0.08800000000000001,39.0,0.99692,0.83,low
1043,9.5,0.39,0.41,0.069,39.0,0.99859,0.81,high
1044,6.4,0.39,0.33,0.046,53.0,0.99294,0.62,low
1045,6.9,0.44,0.0,0.07,38.0,0.99438,0.58,low
1046,7.6,0.78,0.0,0.076,45.0,0.99612,0.62,low
1047,7.1,0.43,0.17,0.08199999999999999,51.0,0.99634,0.64,low
1048,9.3,0.49,0.36,0.081,14.0,0.99702,0.78,low
1049,9.3,0.5,0.36,0.084,17.0,0.99704,0.77,low
1050,7.1,0.43,0.17,0.08199999999999999,51.0,0.99634,0.64,low
1051,8.5,0.46,0.59,0.414,45.0,0.99702,1.34,low
1052,5.6,0.605,0.05,0.073,25.0,0.99258,0.55,low
1053,8.3,0.33,0.42,0.07,20.0,0.99426,0.77,high
1054,8.2,0.64,0.27,0.095,77.0,0.99747,0.62,low
1055,8.2,0.64,0.27,0.095,77.0,0.99747,0.62,low
1056,8.9,0.48,0.53,0.101,10.0,0.99586,0.59,high
1057,7.6,0.42,0.25,0.104,90.0,0.99784,0.57,low
1058,9.9,0.53,0.57,0.093,52.0,0.9971,0.76,high
1059,8.9,0.48,0.53,0.101,10.0,0.99586,0.59,high
1060,11.6,0.23,0.57,0.07400000000000001,8.0,0.9981,0.7,low
1061,9.1,0.4,0.5,0.071,16.0,0.99462,0.69,high
1062,8.0,0.38,0.44,0.098,15.0,0.9956,0.64,low
1063,10.2,0.29,0.65,0.075,17.0,0.99565,0.63,low
1064,8.2,0.74,0.09,0.067,10.0,0.99418,0.57,low
1065,7.7,0.61,0.18,0.083,20.0,0.9963,0.6,low
1066,6.6,0.52,0.08,0.07,26.0,0.99358,0.72,high
1067,11.1,0.31,0.53,0.06,10.0,0.99572,0.83,high
1068,11.1,0.31,0.53,0.06,10.0,0.99572,0.83,high
1069,8.0,0.62,0.35,0.086,52.0,0.997,0.62,low
1070,9.3,0.33,0.45,0.057,37.0,0.99498,0.89,high
1071,7.5,0.77,0.2,0.098,92.0,0.99892,0.58,low
1072,7.2,0.35,0.26,0.083,75.0,0.9968,0.58,low
1073,8.0,0.62,0.33,0.08800000000000001,37.0,0.9972,0.58,low
1074,7.5,0.77,0.2,0.098,92.0,0.99892,0.58,low
1075,9.1,0.25,0.34,0.071,67.0,0.99769,0.86,high
1076,9.9,0.32,0.56,0.073,8.0,0.99534,0.73,low
1077,8.6,0.37,0.65,0.08,8.0,0.99817,0.58,low
1078,8.6,0.37,0.65,0.08,8.0,0.99817,0.58,low
1079,7.9,0.3,0.68,0.05,278.0,0.99316,0.51,high
1080,10.3,0.27,0.56,0.047,8.0,0.99471,0.51,low
1081,7.9,0.3,0.68,0.05,289.0,0.99316,0.51,high
1082,7.2,0.38,0.3,0.073,70.0,0.99685,0.59,low
1083,8.7,0.42,0.45,0.07200000000000001,59.0,0.99617,0.77,low
1084,7.2,0.38,0.3,0.073,70.0,0.99685,0.59,low
1085,6.8,0.48,0.08,0.07400000000000001,64.0,0.99529,0.49,low
1086,8.5,0.34,0.4,0.055,9.0,0.99738,0.66,high
1087,7.9,0.19,0.42,0.057,30.0,0.994,0.69,low
1088,11.6,0.41,0.54,0.095,41.0,0.99735,0.76,high
1089,11.6,0.41,0.54,0.095,41.0,0.99735,0.76,high
1090,10.0,0.26,0.54,0.083,74.0,0.99451,0.63,high
1091,7.9,0.34,0.42,0.086,19.0,0.99546,0.6,low
1092,7.0,0.54,0.09,0.081,16.0,0.99479,0.59,low
1093,9.2,0.31,0.36,0.079,31.0,0.99615,0.86,high
1094,6.6,0.725,0.09,0.117,17.0,0.99655,0.49,low
1095,9.4,0.4,0.47,0.087,20.0,0.99772,0.5,low
1096,6.6,0.725,0.09,0.117,17.0,0.99655,0.49,low
1097,8.6,0.52,0.38,0.096,18.0,0.99666,0.52,low
1098,8.0,0.31,0.45,0.21600000000000005,16.0,0.99358,0.81,high
1099,8.6,0.52,0.38,0.096,18.0,0.99666,0.52,low
1100,8.4,0.34,0.42,0.07200000000000001,36.0,0.99392,0.78,low
1101,7.4,0.49,0.27,0.071,25.0,0.99388,0.63,low
1102,6.1,0.48,0.09,0.078,30.0,0.99402,0.54,low
1103,7.4,0.49,0.27,0.071,25.0,0.99388,0.63,low
1104,8.0,0.48,0.34,0.073,25.0,0.9936,0.66,low
1105,6.3,0.57,0.28,0.048,49.0,0.99374,0.6,low
1106,8.2,0.23,0.42,0.069,17.0,0.99376,0.54,low
1107,9.1,0.3,0.41,0.068,24.0,0.99523,0.85,high
1108,8.1,0.78,0.1,0.09,13.0,0.99855,0.49,low
1109,10.8,0.47,0.43,0.171,66.0,0.9982,0.76,low
1110,8.3,0.53,0.0,0.07,14.0,0.99593,0.64,low
1111,5.4,0.42,0.27,0.092,55.0,0.99471,0.64,high
1112,7.9,0.33,0.41,0.056,35.0,0.99396,0.71,low
1113,8.9,0.24,0.39,0.07400000000000001,10.0,0.99698,0.59,low
1114,5.0,0.4,0.5,0.046,80.0,0.9902,0.66,low
1115,7.0,0.69,0.07,0.091,21.0,0.99572,0.6,low
1116,7.0,0.69,0.07,0.091,21.0,0.99572,0.6,low
1117,7.0,0.69,0.07,0.091,21.0,0.99572,0.6,low
1118,7.1,0.39,0.12,0.065,24.0,0.99252,0.53,low
1119,5.6,0.66,0.0,0.066,15.0,0.99256,0.58,low
1120,7.9,0.54,0.34,0.076,17.0,0.99235,0.72,high
1121,6.6,0.5,0.0,0.062,28.0,0.99352,0.55,low
1122,6.3,0.47,0.0,0.055,33.0,0.9922,0.48,low
1123,10.7,0.4,0.37,0.081,29.0,0.99674,0.65,low
1124,6.5,0.58,0.0,0.096,13.0,0.99557,0.62,low
1125,8.8,0.24,0.35,0.055,27.0,0.99394,0.59,high
1126,5.8,0.29,0.26,0.063,11.0,0.9915,0.54,low
1127,6.3,0.76,0.0,0.07200000000000001,52.0,0.99379,0.6,low
1128,10.0,0.43,0.33,0.095,89.0,0.9984,0.68,low
1129,10.5,0.43,0.35,0.092,70.0,0.99798,0.69,low
1130,9.1,0.6,0.0,0.058,10.0,0.9977,0.63,low
1131,5.9,0.19,0.21,0.045,135.0,0.99341,0.44,low
1132,7.4,0.36,0.34,0.075,38.0,0.9933,0.88,high
1133,7.2,0.48,0.07,0.08900000000000001,18.0,0.99684,0.68,high
1134,8.5,0.28,0.35,0.061,15.0,0.99524,0.74,high
1135,8.0,0.25,0.43,0.067,50.0,0.9946,0.6,low
1136,10.4,0.52,0.45,0.08,13.0,0.99774,0.76,low
1137,10.4,0.52,0.45,0.08,13.0,0.99774,0.76,low
1138,7.5,0.41,0.15,0.104,94.0,0.99786,0.58,low
1139,8.2,0.51,0.24,0.079,86.0,0.99764,0.64,low
1140,7.3,0.4,0.3,0.08,79.0,0.9969,0.65,low
1141,8.2,0.38,0.32,0.08,71.0,0.99624,0.85,low
1142,6.9,0.45,0.11,0.043,12.0,0.99354,0.65,low
1143,7.0,0.22,0.3,0.065,20.0,0.99672,0.82,low
1144,7.3,0.32,0.23,0.066,70.0,0.99588,0.62,low
1145,8.2,0.2,0.43,0.076,51.0,0.99672,0.81,low
1146,7.8,0.5,0.12,0.17800000000000002,21.0,0.996,0.87,low
1147,10.0,0.41,0.45,0.071,14.0,0.99702,0.49,high
1148,7.8,0.39,0.42,0.086,21.0,0.99526,0.66,low
1149,10.0,0.35,0.47,0.061,11.0,0.99585,0.52,low
1150,8.2,0.33,0.32,0.067,12.0,0.99473,0.76,high
1151,6.1,0.58,0.23,0.044,70.0,0.99352,0.65,low
1152,8.3,0.6,0.25,0.118,38.0,0.99616,0.53,low
1153,9.6,0.42,0.35,0.083,38.0,0.99622,0.66,low
1154,6.6,0.58,0.0,0.1,63.0,0.99544,0.68,low
1155,8.3,0.6,0.25,0.118,38.0,0.99616,0.53,low
1156,8.5,0.18,0.51,0.071,88.0,0.99524,0.76,high
1157,5.1,0.51,0.18,0.042,101.0,0.9924,0.87,high
1158,6.7,0.41,0.43,0.076,54.0,0.99572,1.16,low
1159,10.2,0.41,0.43,0.11,37.0,0.99728,0.67,low
1160,10.6,0.36,0.57,0.087,20.0,0.99676,0.72,high
1161,8.8,0.45,0.43,0.076,21.0,0.99551,0.75,low
1162,8.5,0.32,0.42,0.075,19.0,0.99434,0.71,high
1163,9.0,0.785,0.24,0.078,21.0,0.99692,0.67,low
1164,9.0,0.785,0.24,0.078,21.0,0.99692,0.67,low
1165,8.5,0.44,0.5,0.369,38.0,0.99634,1.1,low
1166,9.9,0.54,0.26,0.111,60.0,0.99709,0.98,low
1167,8.2,0.33,0.39,0.07400000000000001,48.0,0.99528,0.88,high
1168,6.5,0.34,0.27,0.067,44.0,0.99384,0.56,low
1169,7.6,0.5,0.29,0.086,14.0,0.99502,0.62,low
1170,9.2,0.36,0.34,0.062,12.0,0.99667,0.67,low
1171,7.1,0.59,0.0,0.078,44.0,0.99522,0.68,low
1172,9.7,0.42,0.46,0.07400000000000001,16.0,0.99649,0.74,low
1173,7.6,0.36,0.31,0.079,65.0,0.99716,0.62,low
1174,7.6,0.36,0.31,0.079,65.0,0.99716,0.62,low
1175,6.5,0.61,0.0,0.095,59.0,0.99541,0.7,low
1176,6.5,0.88,0.03,0.079,47.0,0.99572,0.5,low
1177,7.1,0.66,0.0,0.052000000000000005,11.0,0.99318,0.66,high
1178,5.6,0.915,0.0,0.041,78.0,0.99346,0.73,low
1179,8.2,0.35,0.33,0.076,47.0,0.99599,0.81,low
1180,8.2,0.35,0.33,0.076,47.0,0.99599,0.81,low
1181,9.8,0.39,0.43,0.068,11.0,0.99478,0.46,low
1182,10.2,0.4,0.4,0.068,54.0,0.99754,0.86,low
1183,6.8,0.66,0.07,0.07,61.0,0.99572,0.6,low
1184,6.7,0.64,0.23,0.08,119.0,0.99538,0.7,low
1185,7.0,0.43,0.3,0.085,39.0,0.99346,0.46,low
1186,6.6,0.8,0.03,0.079,12.0,0.9963,0.5,low
1187,7.0,0.43,0.3,0.085,39.0,0.99346,0.46,low
1188,6.7,0.64,0.23,0.08,119.0,0.99538,0.7,low
1189,8.8,0.955,0.05,0.075,19.0,0.99616,0.44,low
1190,9.1,0.4,0.57,0.08,20.0,0.99652,0.57,low
1191,6.5,0.885,0.0,0.166,12.0,0.99551,0.51,low
1192,7.2,0.25,0.37,0.063,41.0,0.99439,0.8,high
1193,6.4,0.885,0.0,0.166,12.0,0.99551,0.51,low
1194,7.0,0.745,0.12,0.114,64.0,0.99588,0.59,low
1195,6.2,0.43,0.22,0.078,56.0,0.99633,0.6,low
1196,7.9,0.58,0.23,0.076,94.0,0.99686,0.58,low
1197,7.7,0.57,0.21,0.069,9.0,0.99458,0.54,low
1198,7.7,0.26,0.26,0.052000000000000005,77.0,0.9951,0.79,low
1199,7.9,0.58,0.23,0.076,94.0,0.99686,0.58,low
1200,7.7,0.57,0.21,0.069,9.0,0.99458,0.54,low
1201,7.9,0.34,0.36,0.065,10.0,0.99419,0.54,high
1202,8.6,0.42,0.39,0.068,12.0,0.99516,0.69,high
1203,9.9,0.74,0.19,0.111,76.0,0.99878,0.55,low
1204,7.2,0.36,0.46,0.07400000000000001,44.0,0.99534,0.85,high
1205,7.2,0.36,0.46,0.07400000000000001,44.0,0.99534,0.85,high
1206,7.2,0.36,0.46,0.07400000000000001,44.0,0.99534,0.85,high
1207,9.9,0.72,0.55,0.136,52.0,0.99752,0.94,low
1208,7.2,0.36,0.46,0.07400000000000001,44.0,0.99534,0.85,high
1209,6.2,0.39,0.43,0.071,24.0,0.99428,0.87,high
1210,6.8,0.65,0.02,0.078,15.0,0.99498,0.62,low
1211,6.6,0.44,0.15,0.076,53.0,0.9957,0.62,low
1212,6.8,0.65,0.02,0.078,15.0,0.99498,0.62,low
1213,9.6,0.38,0.42,0.071,13.0,0.99659,0.75,low
1214,10.2,0.33,0.46,0.081,9.0,0.99628,0.48,low
1215,8.8,0.27,0.46,0.095,29.0,0.99488,0.56,low
1216,7.9,0.57,0.31,0.079,79.0,0.99677,0.69,low
1217,8.2,0.34,0.37,0.057,74.0,0.99408,0.81,low
1218,8.2,0.4,0.31,0.08199999999999999,24.0,0.996,0.69,low
1219,9.0,0.39,0.4,0.044,50.0,0.99478,0.83,low
1220,10.9,0.32,0.52,0.132,44.0,0.99734,0.77,low
1221,10.9,0.32,0.52,0.132,44.0,0.99734,0.77,low
1222,8.1,0.53,0.22,0.078,89.0,0.99678,0.46,low
1223,10.5,0.36,0.47,0.07400000000000001,23.0,0.99638,0.76,low
1224,12.6,0.39,0.49,0.08,20.0,0.9992,0.82,low
1225,9.2,0.46,0.23,0.091,77.0,0.99922,0.51,low
1226,7.5,0.58,0.03,0.08,46.0,0.99592,0.47,low
1227,9.0,0.58,0.25,0.104,21.0,0.99769,0.72,low
1228,5.1,0.42,0.0,0.044,88.0,0.99157,0.73,high
1229,7.6,0.43,0.29,0.075,66.0,0.99718,0.64,low
1230,7.7,0.18,0.34,0.066,58.0,0.9947,0.78,low
1231,7.8,0.815,0.01,0.07400000000000001,90.0,0.99621,0.62,low
1232,7.6,0.43,0.29,0.075,66.0,0.99718,0.64,low
1233,10.2,0.23,0.37,0.057,36.0,0.99614,0.49,low
1234,7.1,0.75,0.01,0.059,18.0,0.99242,0.4,low
1235,6.0,0.33,0.32,0.054000000000000006,113.0,0.99572,0.56,low
1236,7.8,0.55,0.0,0.07,17.0,0.99659,0.64,low
1237,7.1,0.75,0.01,0.059,18.0,0.99242,0.4,low
1238,8.1,0.73,0.0,0.081,24.0,0.99798,0.46,low
1239,6.5,0.67,0.0,0.057,20.0,0.99488,0.56,low
1240,7.5,0.61,0.2,0.076,60.0,0.99494,0.4,low
1241,9.8,0.37,0.39,0.079,65.0,0.99729,0.59,low
1242,9.0,0.4,0.41,0.058,40.0,0.99414,0.6,low
1243,8.3,0.56,0.22,0.08199999999999999,86.0,0.9983,0.62,low
1244,5.9,0.29,0.25,0.067,160.0,0.99721,0.54,low
1245,7.4,0.55,0.19,0.08199999999999999,34.0,0.99655,0.68,low
1246,7.4,0.74,0.07,0.086,48.0,0.99502,0.48,low
1247,7.4,0.55,0.19,0.08199999999999999,34.0,0.99655,0.68,low
1248,6.9,0.41,0.33,0.081,36.0,0.9949,0.75,low
1249,7.1,0.6,0.01,0.079,37.0,0.99514,0.61,low
1250,7.1,0.6,0.01,0.079,37.0,0.99514,0.61,low
1251,7.5,0.58,0.14,0.077,60.0,0.9963,0.59,low
1252,7.1,0.72,0.0,0.123,14.0,0.99627,0.58,low
1253,7.9,0.66,0.0,0.096,13.0,0.99569,0.58,low
1254,7.8,0.7,0.06,0.079,35.0,0.99628,0.69,low
1255,6.1,0.64,0.02,0.069,46.0,0.99358,0.45,low
1256,7.5,0.59,0.22,0.08199999999999999,60.0,0.99499,0.42,low
1257,7.0,0.58,0.28,0.085,69.0,0.99633,0.7,low
1258,6.8,0.64,0.0,0.123,33.0,0.99538,0.63,low
1259,6.8,0.64,0.0,0.123,33.0,0.99538,0.63,low
1260,8.6,0.635,0.68,0.403,56.0,0.99632,1.15,low
1261,6.3,1.02,0.0,0.083,24.0,0.99437,0.55,low
1262,9.8,0.45,0.38,0.081,66.0,0.99726,0.58,low
1263,8.2,0.78,0.0,0.08900000000000001,26.0,0.9978,0.46,low
1264,8.5,0.37,0.32,0.066,51.0,0.99456,0.72,low
1265,7.2,0.57,0.05,0.081,36.0,0.99564,0.6,low
1266,7.2,0.57,0.05,0.081,36.0,0.99564,0.6,low
1267,10.4,0.43,0.5,0.068,19.0,0.996,0.87,low
1268,6.9,0.41,0.31,0.079,51.0,0.99668,0.55,low
1269,5.5,0.49,0.03,0.044,87.0,0.9908,0.82,high
1270,5.0,0.38,0.01,0.048,60.0,0.99084,0.75,low
1271,7.3,0.44,0.2,0.049,64.0,0.9935,0.57,low
1272,5.9,0.46,0.0,0.077,44.0,0.99385,0.53,low
1273,7.5,0.58,0.2,0.073,44.0,0.99494,0.43,low
1274,7.8,0.58,0.13,0.102,36.0,0.9944,0.53,low
1275,8.0,0.715,0.22,0.075,81.0,0.99688,0.54,low
1276,8.5,0.4,0.4,0.05,10.0,0.99566,0.56,low
1277,7.0,0.69,0.0,0.114,10.0,0.99636,0.6,low
1278,8.0,0.715,0.22,0.075,81.0,0.99688,0.54,low
1279,9.8,0.3,0.39,0.062,9.0,0.9948,0.57,high
1280,7.1,0.46,0.2,0.077,54.0,0.9956,0.64,low
1281,7.1,0.46,0.2,0.077,54.0,0.9956,0.64,low
1282,7.9,0.765,0.0,0.084,22.0,0.99619,0.68,low
1283,8.7,0.63,0.28,0.096,69.0,0.99734,0.63,low
1284,7.0,0.42,0.19,0.071,36.0,0.99476,0.56,low
1285,11.3,0.37,0.5,0.09,47.0,0.99734,0.57,low
1286,7.1,0.16,0.44,0.068,31.0,0.99328,0.54,low
1287,8.0,0.6,0.08,0.056,7.0,0.99286,0.37,low
1288,7.0,0.6,0.3,0.068,110.0,0.99914,1.17,low
1289,7.0,0.6,0.3,0.068,110.0,0.99914,1.17,low
1290,7.6,0.74,0.0,0.1,12.0,0.99521,0.59,low
1291,8.2,0.635,0.1,0.073,60.0,0.99638,0.75,low
1292,5.9,0.395,0.13,0.056,28.0,0.99362,0.67,low
1293,7.5,0.755,0.0,0.084,12.0,0.99672,0.49,low
1294,8.2,0.635,0.1,0.073,60.0,0.99638,0.75,low
1295,6.6,0.63,0.0,0.093,77.5,0.99558,0.45,low
1296,6.6,0.63,0.0,0.093,77.5,0.99558,0.45,low
1297,7.2,0.53,0.14,0.064,29.0,0.99323,0.61,low
1298,5.7,0.6,0.0,0.063,18.0,0.99191,0.56,low
1299,7.6,1.58,0.0,0.13699999999999998,9.0,0.99476,0.4,low
1300,5.2,0.645,0.0,0.08,28.0,0.99444,0.61,low
1301,6.7,0.86,0.07,0.1,57.0,0.99598,0.74,low
1302,9.1,0.37,0.32,0.064,15.0,0.99576,0.8,low
1303,8.0,0.28,0.44,0.081,68.0,0.99501,0.66,low
1304,7.6,0.79,0.21,0.087,68.0,0.9955,0.44,low
1305,7.5,0.61,0.26,0.073,88.0,0.99612,0.53,low
1306,9.7,0.69,0.32,0.08800000000000001,91.0,0.9979,0.62,low
1307,6.8,0.68,0.09,0.068,29.0,0.99524,0.52,low
1308,9.7,0.69,0.32,0.08800000000000001,91.0,0.9979,0.62,low
1309,7.0,0.62,0.1,0.071,63.0,0.996,0.61,low
1310,7.5,0.61,0.26,0.073,88.0,0.99612,0.53,low
1311,6.5,0.51,0.15,0.064,27.0,0.9929,0.59,low
1312,8.0,1.18,0.21,0.083,41.0,0.99532,0.47,low
1313,7.0,0.36,0.21,0.086,65.0,0.99558,0.54,low
1314,7.0,0.36,0.21,0.086,69.0,0.99556,0.53,low
1315,7.5,0.63,0.27,0.083,91.0,0.99616,0.58,low
1316,5.4,0.74,0.0,0.041,46.0,0.99258,0.59,low
1317,9.9,0.44,0.46,0.091,41.0,0.99638,0.69,low
1318,7.5,0.63,0.27,0.083,91.0,0.99616,0.58,low
1319,9.1,0.76,0.68,0.414,64.0,0.99652,1.33,low
1320,9.7,0.66,0.34,0.094,88.0,0.99796,0.66,low
1321,5.0,0.74,0.0,0.041,46.0,0.99258,0.59,low
1322,9.1,0.34,0.42,0.058,18.0,0.99392,0.55,low
1323,9.1,0.36,0.39,0.06,55.0,0.99495,0.82,high
1324,6.7,0.46,0.24,0.077,34.0,0.9948,0.6,low
1325,6.7,0.46,0.24,0.077,34.0,0.9948,0.6,low
1326,6.7,0.46,0.24,0.077,34.0,0.9948,0.6,low
1327,6.7,0.46,0.24,0.077,34.0,0.9948,0.6,low
1328,6.5,0.52,0.11,0.073,38.0,0.9955,0.52,low
1329,7.4,0.6,0.26,0.083,91.0,0.99616,0.56,low
1330,7.4,0.6,0.26,0.083,91.0,0.99616,0.56,low
1331,7.8,0.87,0.26,0.107,67.0,0.99668,0.46,low
1332,8.4,0.39,0.1,0.075,25.0,0.99581,0.43,low
1333,9.1,0.775,0.22,0.079,48.0,0.9976,0.51,low
1334,7.2,0.835,0.0,0.166,11.0,0.99608,0.52,low
1335,6.6,0.58,0.02,0.069,40.0,0.99387,0.66,low
1336,6.0,0.5,0.0,0.057,26.0,0.99448,0.45,low
1337,6.0,0.5,0.0,0.057,26.0,0.99448,0.45,low
1338,6.0,0.5,0.0,0.057,26.0,0.99448,0.45,low
1339,7.5,0.51,0.02,0.084,31.0,0.99538,0.54,low
1340,7.5,0.51,0.02,0.084,31.0,0.99538,0.54,low
1341,7.5,0.51,0.02,0.084,31.0,0.99538,0.54,low
1342,7.6,0.54,0.02,0.085,31.0,0.99589,0.51,low
1343,7.5,0.51,0.02,0.084,31.0,0.99538,0.54,low
1344,11.5,0.42,0.48,0.077,20.0,0.99852,0.53,low
1345,8.2,0.44,0.24,0.063,28.0,0.99613,0.53,low
1346,6.1,0.59,0.01,0.056,13.0,0.99472,0.56,low
1347,7.2,0.655,0.03,0.078,12.0,0.99587,0.39,low
1348,7.2,0.655,0.03,0.078,12.0,0.99587,0.39,low
1349,6.9,0.57,0.0,0.081,41.0,0.99518,0.52,low
1350,9.0,0.6,0.29,0.069,73.0,0.99654,0.57,low
1351,7.2,0.62,0.01,0.065,46.0,0.99332,0.51,low
1352,7.6,0.645,0.03,0.086,57.0,0.9969,0.46,low
1353,7.6,0.645,0.03,0.086,57.0,0.9969,0.46,low
1354,7.2,0.58,0.03,0.077,28.0,0.99568,0.52,low
1355,6.1,0.32,0.25,0.086,32.0,0.99464,0.44,low
1356,6.1,0.34,0.25,0.084,28.0,0.99464,0.44,low
1357,7.3,0.43,0.24,0.078,67.0,0.99648,0.59,low
1358,7.4,0.64,0.17,0.168,98.0,0.99736,0.5,low
1359,11.6,0.475,0.4,0.091,28.0,0.99704,0.65,low
1360,9.2,0.54,0.31,0.112,38.0,0.99699,0.56,low
1361,8.3,0.85,0.14,0.093,54.0,0.99724,0.54,low
1362,11.6,0.475,0.4,0.091,28.0,0.99704,0.65,low
1363,8.0,0.83,0.27,0.08,63.0,0.99652,0.48,low
1364,7.2,0.605,0.02,0.096,31.0,0.995,0.53,low
1365,7.8,0.5,0.09,0.115,42.0,0.9971,0.62,low
1366,7.3,0.74,0.08,0.094,45.0,0.99576,0.5,low
1367,6.9,0.54,0.3,0.08800000000000001,105.0,0.99725,1.18,low
1368,8.0,0.77,0.32,0.079,74.0,0.99656,0.5,low
1369,6.6,0.61,0.0,0.069,8.0,0.99396,0.37,low
1370,8.7,0.78,0.51,0.415,66.0,0.99623,1.17,low
1371,7.5,0.58,0.56,0.153,14.0,0.99476,1.03,low
1372,8.7,0.78,0.51,0.415,66.0,0.99623,1.17,low
1373,7.7,0.75,0.27,0.11,89.0,0.99664,0.45,low
1374,6.8,0.815,0.0,0.267,29.0,0.99471,0.51,low
1375,7.2,0.56,0.26,0.083,100.0,0.99586,0.52,low
1376,8.2,0.885,0.2,0.086,31.0,0.9946,0.46,low
1377,5.2,0.49,0.26,0.09,74.0,0.9953,0.62,low
1378,7.2,0.45,0.15,0.078,28.0,0.99609,0.51,low
1379,7.5,0.57,0.02,0.077,35.0,0.99557,0.62,low
1380,7.5,0.57,0.02,0.077,35.0,0.99557,0.62,low
1381,6.8,0.83,0.09,0.07400000000000001,25.0,0.99534,0.45,low
1382,8.0,0.6,0.22,0.08,105.0,0.99613,0.49,low
1383,8.0,0.6,0.22,0.08,105.0,0.99613,0.49,low
1384,7.1,0.755,0.15,0.107,84.0,0.99593,0.5,low
1385,8.0,0.81,0.25,0.076,85.0,0.99668,0.42,low
1386,7.4,0.64,0.07,0.1,23.0,0.9961,0.58,low
1387,7.4,0.64,0.07,0.1,23.0,0.9961,0.58,low
1388,6.6,0.64,0.31,0.083,49.0,0.99718,0.68,low
1389,6.7,0.48,0.02,0.08,111.0,0.99524,0.53,low
1390,6.0,0.49,0.0,0.068,33.0,0.99292,0.59,low
1391,8.0,0.64,0.22,0.094,33.0,0.99612,0.58,low
1392,7.1,0.62,0.06,0.07,12.0,0.9942,0.48,low
1393,8.0,0.52,0.25,0.078,59.0,0.99612,0.48,low
1394,6.4,0.57,0.14,0.07,73.0,0.99669,0.48,low
1395,8.6,0.685,0.1,0.092,12.0,0.99745,0.65,low
1396,8.7,0.675,0.1,0.09,11.0,0.99745,0.65,low
1397,7.3,0.59,0.26,0.08,104.0,0.99584,0.52,low
1398,7.0,0.6,0.12,0.083,28.0,0.9966,0.62,high
1399,7.2,0.67,0.0,0.068,24.0,0.9956,0.72,low
1400,7.9,0.69,0.21,0.08,141.0,0.9962,0.51,low
1401,7.9,0.69,0.21,0.08,141.0,0.9962,0.51,low
1402,7.6,0.3,0.42,0.052000000000000005,24.0,0.9963,0.82,low
1403,7.2,0.33,0.33,0.061,13.0,0.996,1.1,high
1404,8.0,0.5,0.39,0.08199999999999999,46.0,0.9985,0.62,low
1405,7.7,0.28,0.3,0.062,34.0,0.9952,0.9,high
1406,8.2,0.24,0.34,0.062,22.0,0.9974,0.94,low
1407,6.0,0.51,0.0,0.064,54.0,0.995,0.93,low
1408,8.1,0.29,0.36,0.048,53.0,0.995,1.01,high
1409,6.0,0.51,0.0,0.064,54.0,0.995,0.93,low
1410,6.6,0.96,0.0,0.08199999999999999,16.0,0.9936,0.44,low
1411,6.4,0.47,0.4,0.071,19.0,0.9963,0.73,low
1412,8.2,0.24,0.34,0.062,22.0,0.9974,0.94,low
1413,9.9,0.57,0.25,0.104,89.0,0.9963,0.9,low
1414,10.0,0.32,0.59,0.077,15.0,0.9994,0.78,low
1415,6.2,0.58,0.0,0.065,18.0,0.9966,0.84,low
1416,10.0,0.32,0.59,0.077,15.0,0.9994,0.78,low
1417,7.3,0.34,0.33,0.064,37.0,0.9952,0.77,high
1418,7.8,0.53,0.01,0.077,19.0,0.995,0.46,low
1419,7.7,0.64,0.21,0.077,133.0,0.9956,0.45,low
1420,7.8,0.53,0.01,0.077,19.0,0.995,0.46,low
1421,7.5,0.4,0.18,0.079,58.0,0.9965,0.58,low
1422,7.0,0.54,0.0,0.079,55.0,0.9956,0.84,low
1423,6.4,0.53,0.09,0.123,31.0,0.9968,0.67,low
1424,8.3,0.26,0.37,0.076,23.0,0.9974,0.7,low
1425,8.3,0.26,0.37,0.076,23.0,0.9974,0.7,low
1426,7.7,0.23,0.37,0.046,60.0,0.9971,0.71,low
1427,7.6,0.41,0.33,0.078,23.0,0.9957,0.58,low
1428,7.8,0.64,0.0,0.07200000000000001,55.0,0.9962,0.63,low
1429,7.9,0.18,0.4,0.049,67.0,0.996,0.93,low
1430,7.4,0.41,0.24,0.066,47.0,0.9956,0.62,low
1431,7.6,0.43,0.31,0.069,74.0,0.9958,0.54,low
1432,5.9,0.44,0.0,0.042,11.0,0.9944,0.85,low
1433,6.1,0.4,0.16,0.069,25.0,0.9955,0.74,high
1434,10.2,0.54,0.37,0.214,95.0,1.00369,0.77,low
1435,10.2,0.54,0.37,0.214,95.0,1.00369,0.77,low
1436,10.0,0.38,0.38,0.16899999999999998,90.0,0.99914,0.65,low
1437,6.8,0.915,0.29,0.07,39.0,0.99577,0.54,low
1438,7.0,0.59,0.0,0.052000000000000005,8.0,0.996,0.47,low
1439,7.3,0.67,0.02,0.07200000000000001,92.0,0.99566,0.68,low
1440,7.2,0.37,0.32,0.062,28.0,0.9947,0.73,high
1441,7.4,0.785,0.19,0.094,98.0,0.99713,0.52,low
1442,6.9,0.63,0.02,0.078,30.0,0.99712,0.75,low
1443,6.9,0.58,0.2,0.058,22.0,0.99322,0.49,low
1444,7.3,0.67,0.02,0.07200000000000001,92.0,0.99566,0.68,low
1445,7.4,0.785,0.19,0.094,98.0,0.99713,0.52,low
1446,6.9,0.63,0.02,0.078,30.0,0.99712,0.75,low
1447,6.8,0.67,0.0,0.08,39.0,0.99701,0.74,low
1448,6.9,0.58,0.01,0.08,54.0,0.99683,0.73,low
1449,7.2,0.38,0.31,0.056,29.0,0.99472,0.76,high
1450,7.2,0.37,0.32,0.062,28.0,0.9947,0.73,high
1451,7.8,0.32,0.44,0.104,17.0,0.99732,0.78,high
1452,6.6,0.58,0.02,0.062,53.0,0.99374,0.76,high
1453,7.6,0.49,0.33,0.07400000000000001,85.0,0.99706,0.58,low
1454,11.7,0.45,0.63,0.073,23.0,0.99974,0.69,low
1455,6.5,0.9,0.0,0.052000000000000005,17.0,0.99467,0.63,low
1456,6.0,0.54,0.06,0.05,89.0,0.99236,0.5,low
1457,7.6,0.49,0.33,0.07400000000000001,85.0,0.99706,0.58,low
1458,8.4,0.29,0.4,0.067,20.0,0.99603,0.6,low
1459,7.9,0.2,0.35,0.054000000000000006,15.0,0.99458,0.8,high
1460,6.4,0.42,0.09,0.054000000000000006,64.0,0.99724,0.68,low
1461,6.2,0.785,0.0,0.06,13.0,0.99664,0.61,low
1462,6.8,0.64,0.03,0.075,31.0,0.99545,0.58,low
1463,6.9,0.63,0.01,0.076,39.0,0.99522,0.53,low
1464,6.8,0.59,0.1,0.063,53.0,0.9958,0.67,low
1465,6.8,0.59,0.1,0.063,53.0,0.9958,0.67,low
1466,7.3,0.48,0.32,0.062,54.0,0.99728,0.65,high
1467,6.7,1.04,0.08,0.067,32.0,0.99648,0.57,low
1468,7.3,0.48,0.32,0.062,54.0,0.99728,0.65,high
1469,7.3,0.98,0.05,0.061,49.0,0.99705,0.55,low
1470,10.0,0.69,0.11,0.084,24.0,0.99578,0.47,low
1471,6.7,0.7,0.08,0.067,16.0,0.99334,0.52,low
1472,7.6,0.35,0.6,0.073,44.0,0.99656,0.79,low
1473,6.1,0.6,0.08,0.071,45.0,0.99336,0.54,low
1474,9.9,0.5,0.5,0.205,82.0,1.00242,0.75,low
1475,5.3,0.47,0.11,0.048,89.0,0.99182,0.88,high
1476,9.9,0.5,0.5,0.205,82.0,1.00242,0.75,low
1477,5.3,0.47,0.11,0.048,89.0,0.99182,0.88,high
1478,7.1,0.875,0.05,0.08199999999999999,14.0,0.99808,0.52,low
1479,8.2,0.28,0.6,0.104,22.0,0.99828,0.68,low
1480,5.6,0.62,0.03,0.08,13.0,0.99498,0.62,low
1481,8.2,0.28,0.6,0.104,22.0,0.99828,0.68,low
1482,7.2,0.58,0.54,0.114,9.0,0.99719,0.57,low
1483,8.1,0.33,0.44,0.042,12.0,0.99542,0.61,low
1484,6.8,0.91,0.06,0.06,11.0,0.99592,0.64,low
1485,7.0,0.655,0.16,0.07400000000000001,25.0,0.99606,0.55,low
1486,6.8,0.68,0.21,0.07,23.0,0.99546,0.6,low
1487,6.0,0.64,0.05,0.066,17.0,0.99496,0.78,low
1488,5.6,0.54,0.04,0.049,13.0,0.9942,0.58,low
1489,6.2,0.57,0.1,0.048,11.0,0.99448,0.76,low
1490,7.1,0.22,0.49,0.039,18.0,0.99344,0.56,low
1491,5.6,0.54,0.04,0.049,13.0,0.9942,0.58,low
1492,6.2,0.65,0.06,0.05,18.0,0.99348,0.54,low
1493,7.7,0.54,0.26,0.08900000000000001,147.0,0.99636,0.59,low
1494,6.4,0.31,0.09,0.066,28.0,0.99459,0.7,high
1495,7.0,0.43,0.02,0.08,28.0,0.99492,0.81,low
1496,7.7,0.54,0.26,0.08900000000000001,147.0,0.99636,0.59,low
1497,6.9,0.74,0.03,0.054000000000000006,16.0,0.99508,0.63,low
1498,6.6,0.895,0.04,0.068,13.0,0.99582,0.58,low
1499,6.9,0.74,0.03,0.054000000000000006,16.0,0.99508,0.63,low
1500,7.5,0.725,0.04,0.076,15.0,0.99508,0.53,low
1501,7.8,0.82,0.29,0.083,64.0,0.99642,0.53,low
1502,7.3,0.585,0.18,0.078,60.0,0.99638,0.54,low
1503,6.2,0.44,0.39,0.077,14.0,0.99555,0.69,low
1504,7.5,0.38,0.57,0.106,12.0,0.99605,0.55,low
1505,6.7,0.76,0.02,0.078,12.0,0.996,0.63,low
1506,6.8,0.81,0.05,0.07,14.0,0.99562,0.66,low
1507,7.5,0.38,0.57,0.106,12.0,0.99605,0.55,low
1508,7.1,0.27,0.6,0.07400000000000001,25.0,0.99814,0.72,low
1509,7.9,0.18,0.4,0.062,20.0,0.9941,0.7,low
1510,6.4,0.36,0.21,0.047,48.0,0.99661,0.77,low
1511,7.1,0.69,0.04,0.068,27.0,0.99712,0.67,low
1512,6.4,0.79,0.04,0.061,17.0,0.99588,0.65,low
1513,6.4,0.56,0.15,0.078,65.0,0.99294,0.6,low
1514,6.9,0.84,0.21,0.07400000000000001,65.0,0.99842,0.72,low
1515,6.9,0.84,0.21,0.07400000000000001,65.0,0.99842,0.72,low
1516,6.1,0.32,0.25,0.071,58.0,0.99633,0.97,low
1517,6.5,0.53,0.06,0.063,44.0,0.99489,0.83,low
1518,7.4,0.47,0.46,0.114,20.0,0.99647,0.63,low
1519,6.6,0.7,0.08,0.106,27.0,0.99665,0.58,low
1520,6.5,0.53,0.06,0.063,44.0,0.99489,0.83,low
1521,6.9,0.48,0.2,0.08199999999999999,23.0,0.99585,0.43,low
1522,6.1,0.32,0.25,0.071,58.0,0.99633,0.97,low
1523,6.8,0.48,0.25,0.076,61.0,0.9953,0.6,low
1524,6.0,0.42,0.19,0.075,47.0,0.99522,0.78,low
1525,6.7,0.48,0.08,0.064,34.0,0.99552,0.64,low
1526,6.8,0.47,0.08,0.064,38.0,0.99553,0.65,low
1527,7.1,0.53,0.07,0.071,24.0,0.9951,0.66,low
1528,7.9,0.29,0.49,0.096,59.0,0.99714,0.67,low
1529,7.1,0.69,0.08,0.063,52.0,0.99608,0.6,low
1530,6.6,0.44,0.09,0.063,18.0,0.99444,0.69,low
1531,6.1,0.705,0.1,0.081,28.0,0.99631,0.66,low
1532,7.2,0.53,0.13,0.058,22.0,0.99573,0.68,low
1533,8.0,0.39,0.3,0.07400000000000001,84.0,0.99717,0.61,low
1534,6.6,0.56,0.14,0.064,29.0,0.99397,0.62,high
1535,7.0,0.55,0.13,0.075,35.0,0.9959,0.59,low
1536,6.1,0.53,0.08,0.077,45.0,0.99528,0.68,low
1537,5.4,0.58,0.08,0.059,31.0,0.99484,0.64,low
1538,6.2,0.64,0.09,0.081,26.0,0.99538,0.63,low
1539,7.2,0.39,0.32,0.065,60.0,0.99714,0.78,low
1540,6.2,0.52,0.08,0.071,32.0,0.99646,0.63,low
1541,7.4,0.25,0.29,0.054000000000000006,49.0,0.99666,0.76,high
1542,6.7,0.855,0.02,0.064,38.0,0.99472,0.56,low
1543,11.1,0.44,0.42,0.064,19.0,0.99758,0.57,low
1544,8.4,0.37,0.43,0.063,19.0,0.9955,0.81,high
1545,6.5,0.63,0.33,0.059,28.0,0.99531,0.64,low
1546,7.0,0.57,0.02,0.07200000000000001,26.0,0.99575,0.61,low
1547,6.3,0.6,0.1,0.048,26.0,0.99306,0.51,low
1548,11.2,0.4,0.5,0.099,50.0,0.99783,0.58,low
1549,7.4,0.36,0.3,0.07400000000000001,24.0,0.99419,0.7,high
1550,7.1,0.68,0.0,0.087,26.0,0.99783,0.53,low
1551,7.1,0.67,0.0,0.083,27.0,0.99768,0.54,low
1552,6.3,0.68,0.01,0.103,54.0,0.99586,0.66,low
1553,7.3,0.735,0.0,0.08,28.0,0.99765,0.6,low
1554,6.6,0.855,0.02,0.062,23.0,0.99627,0.6,low
1555,7.0,0.56,0.17,0.065,24.0,0.99514,0.68,high
1556,6.6,0.88,0.04,0.066,20.0,0.99636,0.56,low
1557,6.6,0.855,0.02,0.062,23.0,0.99627,0.6,low
1558,6.9,0.63,0.33,0.235,115.0,0.99787,0.56,low
1559,7.8,0.6,0.26,0.08,131.0,0.99622,0.52,low
1560,7.8,0.6,0.26,0.08,131.0,0.99622,0.52,low
1561,7.8,0.6,0.26,0.08,131.0,0.99622,0.52,low
1562,7.2,0.695,0.13,0.076,20.0,0.99546,0.54,low
1563,7.2,0.695,0.13,0.076,20.0,0.99546,0.54,low
1564,7.2,0.695,0.13,0.076,20.0,0.99546,0.54,low
1565,6.7,0.67,0.02,0.061,42.0,0.99489,0.82,low
1566,6.7,0.16,0.64,0.059,52.0,0.99494,0.71,low
1567,7.2,0.695,0.13,0.076,20.0,0.99546,0.54,low
1568,7.0,0.56,0.13,0.077,42.0,0.99629,0.59,low
1569,6.2,0.51,0.14,0.056,34.0,0.99396,0.57,low
1570,6.4,0.36,0.53,0.23,35.0,0.9934,0.93,low
1571,6.4,0.38,0.14,0.038,25.0,0.99514,0.65,low
1572,7.3,0.69,0.32,0.069,104.0,0.99632,0.51,low
1573,6.0,0.58,0.2,0.075,50.0,0.99467,0.67,low
1574,5.6,0.31,0.78,0.07400000000000001,92.0,0.99677,0.48,low
1575,7.5,0.52,0.4,0.06,20.0,0.99474,0.64,low
1576,8.0,0.3,0.63,0.081,29.0,0.99588,0.78,low
1577,6.2,0.7,0.15,0.076,27.0,0.99622,0.6,low
1578,6.8,0.67,0.15,0.118,20.0,0.9954,0.67,low
1579,6.2,0.56,0.09,0.053,32.0,0.99402,0.6,low
1580,7.4,0.35,0.33,0.068,26.0,0.9947,0.6,low
1581,6.2,0.56,0.09,0.053,32.0,0.99402,0.6,low
1582,6.1,0.715,0.1,0.053,27.0,0.99362,0.5,low
1583,6.2,0.46,0.29,0.07400000000000001,98.0,0.99578,0.62,low
1584,6.7,0.32,0.44,0.061,34.0,0.99484,0.8,high
1585,7.2,0.39,0.44,0.066,48.0,0.99494,0.84,low
1586,7.5,0.31,0.41,0.065,60.0,0.99492,0.85,low
1587,5.8,0.61,0.11,0.066,28.0,0.99483,0.66,low
1588,7.2,0.66,0.33,0.068,102.0,0.99414,0.78,low
1589,6.6,0.725,0.2,0.073,79.0,0.9977,0.54,low
1590,6.3,0.55,0.15,0.077,35.0,0.99314,0.82,low
1591,5.4,0.74,0.09,0.08900000000000001,26.0,0.99402,0.56,low
1592,6.3,0.51,0.13,0.076,40.0,0.99574,0.75,low
1593,6.8,0.62,0.08,0.068,38.0,0.99651,0.82,low
1594,6.2,0.6,0.08,0.09,44.0,0.9949,0.58,low
1595,5.9,0.55,0.1,0.062,51.0,0.99512,0.76,low
1596,6.3,0.51,0.13,0.076,40.0,0.99574,0.75,low
1597,5.9,0.645,0.12,0.075,44.0,0.99547,0.71,low
1598,6.0,0.31,0.47,0.067,42.0,0.99549,0.66,low
